ID;SESSÃO;NOME_SISTEMA;NOME_CORRIGIDO;SESSÃO_CORRETA
225670;#01 MERCEARIA - #01 ALTO GIRO;ARROZ BENTO TIPO 1 5KG;ARROZ BENTO PCT 5KG TIPO 1 BRANCO;#01 MERCEARIA - CEREAIS E GRÃOS
100038;#01 MERCEARIA - #01 ALTO GIRO;ARROZ BREJEIRO 5KG BRANCO TIPO 1;ARROZ BREJEIRO PCT 5KG TIPO 1 BRANCO;#01 MERCEARIA - CEREAIS E GRÃOS
258938;#01 MERCEARIA - #01 ALTO GIRO;ARROZ BRILHANTE TIPO1 BRANCO 5KG;ARROZ BRILHANTE PCT 5KG TIPO 1 BRANCO;#01 MERCEARIA - CEREAIS E GRÃOS
273799;#01 MERCEARIA - #01 ALTO GIRO;ARROZ DELLARROZ BRANCO 5KG POLIDO;ARROZ DELLARROZ PCT 5KG TIPO 1 BRANCO;#01 MERCEARIA - CEREAIS E GRÃOS
269680;#01 MERCEARIA - #01 ALTO GIRO;ARROZ DONA VAVA 5KG TIPO 1;ARROZ DONA VAVA PCT 5KG TIPO 1 BRANCO;#01 MERCEARIA - CEREAIS E GRÃOS
100028;#01 MERCEARIA - #01 ALTO GIRO;ARROZ DOURA 5KG BRANCO TIPO 1;ARROZ DOURA 5KG TIPO 1 BRANCO;#01 MERCEARIA - CEREAIS E GRÃOS
325990;#01 MERCEARIA - #01 ALTO GIRO;ARROZ BRANCO FLORA 5KG TIPO 1;ARROZ FLORA PCT 5KG TIPO 1 BRANCO;#01 MERCEARIA - CEREAIS E GRÃOS
325991;#01 MERCEARIA - #01 ALTO GIRO;ARROZ PARBOLIZADO FLORA 5KG TIPO 1;ARROZ FLORA PCT 5KG TIPO 1 PARBOLIZADO;#01 MERCEARIA - CEREAIS E GRÃOS
136523;#01 MERCEARIA - #01 ALTO GIRO;ARROZ KOBLENZ TP1 BRANCO 5KG;ARROZ KOBLENS PCT 5KG TIPO 1 BRANCO;#01 MERCEARIA - CEREAIS E GRÃOS
141640;#01 MERCEARIA - #01 ALTO GIRO;ARROZ MEU BIJU POLIDO T1 5KG;ARROZ MEU BIJU PCT 5KG TIPO 1 BRANCO;#01 MERCEARIA - CEREAIS E GRÃOS
100037;#01 MERCEARIA - #01 ALTO GIRO;ARROZ PAINHO 5KG BRANCO TIPO 1 BRANCO TI;ARROZ PAINHO PCT 5KG TIPO 1 BRANCO;#01 MERCEARIA - CEREAIS E GRÃOS
148775;#01 MERCEARIA - #01 ALTO GIRO;ARROZ BRANCO PIANTA 5KG TIPO 1;ARROZ PIANTA PCT 5KG TIPO 1 BRANCO;#01 MERCEARIA - CEREAIS E GRÃOS
199439;#01 MERCEARIA - #01 ALTO GIRO;ARROZ RACHA PANELA 5 KG TP 1;ARROZ RACHA PANELA PCT 5KG TIPO 1 BRANCO;#01 MERCEARIA - CEREAIS E GRÃOS
225003;#01 MERCEARIA - #01 ALTO GIRO;ARROZ RAMPINELLI 5KG TIPO1;ARROZ RAMPINELLI PCT 5KG TIPO 1 BRANCO;#01 MERCEARIA - CEREAIS E GRÃOS
100020;#01 MERCEARIA - #01 ALTO GIRO;ARROZ REALENGO 5KG BRANCO TIPO 1;ARROZ REALENGO PCT 5KG TIPO 1 BRANCO;#01 MERCEARIA - CEREAIS E GRÃOS
100031;#01 MERCEARIA - #01 ALTO GIRO;ARROZ REI ARTHUR 5 KG BRANCO TIPO 1;ARROZ REI ARTHUR PCT 5KG TIPO 1 BRANCO;#01 MERCEARIA - CEREAIS E GRÃOS
199440;#01 MERCEARIA - #01 ALTO GIRO;ARROZ SANTA FE 5 KG TP1;ARROZ SANTA FE PCT 5KG TIPO 1 BRANCO;#01 MERCEARIA - CEREAIS E GRÃOS
326645;#01 MERCEARIA - #01 ALTO GIRO;ARROZ SEU ARROZ 5KG TP1 BRANCO;ARROZ SEU ARROZ PCT 5KG TIPO 1 BRANCO;#01 MERCEARIA - CEREAIS E GRÃOS
100040;#01 MERCEARIA - #01 ALTO GIRO;ARROZ TIO JORGE 5 KG BRANCO TIPO 1;ARROZ TIO JORGE PCT 5KG TIPO 1 BRANCO;#01 MERCEARIA - CEREAIS E GRÃOS
113480;#01 MERCEARIA - #01 ALTO GIRO;ARROZ TIO URBANO 5KG TP 1 BRANCO;ARROZ TIO URBANO PCT 5KG TIPO 1 BRANCO;#01 MERCEARIA - CEREAIS E GRÃOS
100087;#01 MERCEARIA - #02 ALTO GIRO;ACUCAR CRISTAL 2KG CAUAXI;AÇÚCAR CAUAXI 2KG CRISTAL;#01 MERCEARIA - AÇÚCAR E ADOÇANTES
298239;#01 MERCEARIA - #02 ALTO GIRO;ACUCAR CRISTAL ECOCUCAR 2KG;AÇÚCAR ECOÇÚCAR 2KG CRISTAL;#01 MERCEARIA - AÇÚCAR E ADOÇANTES
116507;#01 MERCEARIA - #02 ALTO GIRO;FEIJÃO DA CASA 1KG CARIOCA;FEIJÃO DA CASA 1KG CARIOCA;#01 MERCEARIA - FEIJÕES E LEGUMINOSAS
200178;#01 MERCEARIA - #02 ALTO GIRO;FEIJÃO CARIOCA DONA DE 1KG;FEIJÃO DONA DE 1KG CARIOCA;#01 MERCEARIA - FEIJÕES E LEGUMINOSAS
286381;#01 MERCEaria - #02 ALTO GIRO;FEIJÃO DONA DE 1KG PRETO;FEIJÃO DONA DE 1KG PRETO;#01 MERCEARIA - FEIJÕES E LEGUMINOSAS
279573;#01 MERCEARIA - #02 ALTO GIRO;FEIJÃO DONA MARIA 1KG CARIOCA;FEIJÃO DONA MARIA 1KG CARIOCA;#01 MERCEARIA - FEIJÕES E LEGUMINOSAS
100014;#01 MERCEARIA - #02 ALTO GIRO;FEIJÃO GOL CORES 1KG;FEIJÃO GOL 1KG CORES;#01 MERCEARIA - FEIJÕES E LEGUMINOSAS
167687;#01 MERCEARIA - #02 ALTO GIRO;FEIJÃO CARIOCA JOAOZINHO PREMIUM 1KG;FEIJÃO JOAOZINHO 1KG CARIOCA PREMIUM;#01 MERCEARIA - FEIJÕES E LEGUMINOSAS
158278;#01 MERCEARIA - #02 ALTO GIRO;FEIJÃO SEMPRE VERDE JOAOZINHO 1KG;FEIJÃO JOAOZINHO 1KG SEMPRE VERDE;#01 MERCEARIA - FEIJÕES E LEGUMINOSAS
167686;#01 MERCEARIA - #02 ALTO GIRO;FEIJÃO CARIOCA KI SABOR 1KG;FEIJÃO KI SABOR 1KG CARIOCA;#01 MERCEARIA - FEIJÕES E LEGUMINOSAS
163918;#01 MERCEARIA - #02 ALTO GIRO;FEIJÃO KICALDO 1KG CARIOCA;FEIJÃO KICALDO 1KG CARIOCA;#01 MERCEARIA - FEIJÕES E LEGUMINOSAS
140665;#01 MERCEARIA - #02 ALTO GIRO;FEIJÃO PRETO KICALDO TP1 1KG;FEIJÃO KICALDO 1KG PRETO;#01 MERCEARIA - FEIJÕES E LEGUMINOSAS
292124;#01 MERCEARIA - #02 ALTO GIRO;FEIJÃO TIO CHICO 1KG CARIOCA TIPO 1;FEIJÃO TIO CHICO 1KG CARIOCA;#01 MERCEARIA - FEIJÕES E LEGUMINOSAS
100013;#01 MERCEARIA - #02 ALTO GIRO;FEIJÃO TIO JORGE 1 KG CARIOCA;FEIJÃO TIO JORGE 1KG CARIOCA;#01 MERCEARIA - FEIJÕES E LEGUMINOSAS
100054;#01 MERCEARIA - #02 ALTO GIRO;ÓLEO SOJA BREJEIRO 900 ML;ÓLEO DE SOJA BREJEIRO 900ML;#01 MERCEARIA - ÓLEOS E GORDURAS
167128;#01 MERCEARIA - #02 ALTO GIRO;ÓLEO SOJA REFINADO CONCORDIA 900ML;ÓLEO DE SOJA CONCORDIA 900ML;#01 MERCEARIA - ÓLEOS E GORDURAS
106680;#01 MERCEARIA - #02 ALTO GIRO;ÓLEO SOJA SOYA 900ML;ÓLEO DE SOJA SOYA 900ML;#01 MERCEARIA - ÓLEOS E GORDURAS
117533;#02 MERCEARIA - CAFÉ DA MANHÃ;ACHOCOLATADO EM PÓ 3 CORACOES 400GR CHOCOLATTO SCH;ACHOCOLATADO EM PÓ 3 CORACOES SACHÊ 400G CHOCOLATTO;#02 MERCEARIA - ACHOCOLATADOS E CAFÉ
325092;#02 MERCEARIA - CAFÉ DA MANHÃ;ACHOCOLATADO NESCAU 350GR EM PO;ACHOCOLATADO EM PÓ NESCAU 350G;#02 MERCEARIA - ACHOCOLATADOS E CAFÉ
255232;#02 MERCEARIA - CAFÉ DA MANHÃ;ACHOCOLATADO EM PÓ TODDY 750G;ACHOCOLATADO EM PÓ TODDY 750G;#02 MERCEARIA - ACHOCOLATADOS E CAFÉ
298736;#02 MERCEARIA - CAFÉ DA MANHÃ;ACHOCOLATADO ITALAKINHO 200ML CHOCOLATE;ACHOCOLATADO ITALAKINHO 200ML CHOCOLATE;#02 MERCEARIA - ACHOCOLATADOS E CAFÉ
318330;#02 MERCEARIA - CAFÉ DA MANHÃ;ACHOCOLATADO NESCAU 350GR EM PO;ACHOCOLATADO NESCAU 350G EM PÓ;#02 MERCEARIA - ACHOCOLATADOS E CAFÉ
115855;#02 MERCEARIA - CAFÉ DA MANHÃ;CAFÉ 3CORACOES EXTRAFORTE 250G;CAFÉ 3 CORAÇÕES 250G EXTRAFORTE;#02 MERCEARIA - ACHOCOLATADOS E CAFÉ
101137;#02 MERCEARIA - CAFÉ DA MANHÃ;CAFÉ MARATA 250GR A VACUO TRADIC;CAFÉ MARATA 250G TRADICIONAL;#02 MERCEARIA - ACHOCOLATADOS E CAFÉ
101139;#02 MERCEARIA - CAFÉ DA MANHÃ;CAFÉ MELITTA 250GR TRADICIONAL;CAFÉ MELITTA 250G TRADICIONAL;#02 MERCEARIA - ACHOCOLATADOS E CAFÉ
101136;#02 MERCEARIA - CAFÉ DA MANHÃ;CAFÉ PILAO 250GR TRADICIONAL;CAFÉ PILAO 250G TRADICIONAL;#02 MERCEARIA - ACHOCOLATADOS E CAFÉ
114037;#02 MERCEARIA - CAFÉ DA MANHÃ;CAFÉ SANTA CLARA 250GR CLASSICO;CAFÉ SANTA CLARA 250G CLASSICO;#02 MERCEARIA - ACHOCOLATADOS E CAFÉ
271661;#02 MERCEARIA - CAFÉ DA MANHÃ;CAFÉ SANTA CLARA 250GR VACUO EXTRA FORTE;CAFÉ SANTA CLARA 250G VACUO EXTRA FORTE;#02 MERCEARIA - ACHOCOLATADOS E CAFÉ
305475;#02 MERCEARIA - CAFÉ DA MANHÃ;CAFÉ UNIAO 250GR TRADICIONAL;CAFÉ UNIÃO 250G TRADICIONAL;#02 MERCEARIA - ACHOCOLATADOS E CAFÉ
252992;#02 MERCEARIA - CAFÉ DA MANHÃ;CEREAL SUCRILHOS KELLOGS 240G ORIGINAL;CEREAL KELLOGS 240G SUCRILHOS ORIGINAL;#02 MERCEARIA - CEREAIS MATINAIS
225670;#01 MERCEARIA - #01 ALTO GIRO;ARROZ BENTO TIPO 1 5KG;ARROZ BENTO PCT 5KG TIPO 1 BRANCO;#01 MERCEARIA - CEREAIS E GRÃOS
100038;#01 MERCEARIA - #01 ALTO GIRO;ARROZ BREJEIRO 5KG BRANCO TIPO 1;ARROZ BREJEIRO PCT 5KG TIPO 1 BRANCO;#01 MERCEARIA - CEREAIS E GRÃOS
258938;#01 MERCEARIA - #01 ALTO GIRO;ARROZ BRILHANTE TIPO1 BRANCO 5KG;ARROZ BRILHANTE PCT 5KG TIPO 1 BRANCO;#01 MERCEARIA - CEREAIS E GRÃOS
273799;#01 MERCEARIA - #01 ALTO GIRO;ARROZ DELLARROZ BRANCO 5KG POLIDO;ARROZ DELLARROZ PCT 5KG TIPO 1 BRANCO;#01 MERCEARIA - CEREAIS E GRÃOS
269680;#01 MERCEARIA - #01 ALTO GIRO;ARROZ DONA VAVA 5KG TIPO 1;ARROZ DONA VAVA PCT 5KG TIPO 1 BRANCO;#01 MERCEARIA - CEREAIS E GRÃOS
100028;#01 MERCEARIA - #01 ALTO GIRO;ARROZ DOURA 5KG BRANCO TIPO 1;ARROZ DOURA 5KG TIPO 1 BRANCO;#01 MERCEARIA - CEREAIS E GRÃOS
325990;#01 MERCEARIA - #01 ALTO GIRO;ARROZ BRANCO FLORA 5KG TIPO 1;ARROZ FLORA PCT 5KG TIPO 1 BRANCO;#01 MERCEARIA - CEREAIS E GRÃOS
325991;#01 MERCEARIA - #01 ALTO GIRO;ARROZ PARBOLIZADO FLORA 5KG TIPO 1;ARROZ FLORA PCT 5KG TIPO 1 PARBOLIZADO;#01 MERCEARIA - CEREAIS E GRÃOS
136523;#01 MERCEARIA - #01 ALTO GIRO;ARROZ KOBLENZ TP1 BRANCO 5KG;ARROZ KOBLENS PCT 5KG TIPO 1 BRANCO;#01 MERCEARIA - CEREAIS E GRÃOS
141640;#01 MERCEARIA - #01 ALTO GIRO;ARROZ MEU BIJU POLIDO T1 5KG;ARROZ MEU BIJU PCT 5KG TIPO 1 BRANCO;#01 MERCEARIA - CEREAIS E GRÃOS
100037;#01 MERCEARIA - #01 ALTO GIRO;ARROZ PAINHO 5KG BRANCO TIPO 1 BRANCO TI;ARROZ PAINHO PCT 5KG TIPO 1 BRANCO;#01 MERCEARIA - CEREAIS E GRÃOS
148775;#01 MERCEARIA - #01 ALTO GIRO;ARROZ BRANCO PIANTA 5KG TIPO 1;ARROZ PIANTA PCT 5KG TIPO 1 BRANCO;#01 MERCEARIA - CEREAIS E GRÃOS
199439;#01 MERCEARIA - #01 ALTO GIRO;ARROZ RACHA PANELA 5 KG TP 1;ARROZ RACHA PANELA PCT 5KG TIPO 1 BRANCO;#01 MERCEARIA - CEREAIS E GRÃOS
225003;#01 MERCEARIA - #01 ALTO GIRO;ARROZ RAMPINELLI 5KG TIPO1;ARROZ RAMPINELLI PCT 5KG TIPO 1 BRANCO;#01 MERCEARIA - CEREAIS E GRÃOS
100020;#01 MERCEARIA - #01 ALTO GIRO;ARROZ REALENGO 5KG BRANCO TIPO 1;ARROZ REALENGO PCT 5KG TIPO 1 BRANCO;#01 MERCEARIA - CEREAIS E GRÃOS
100031;#01 MERCEARIA - #01 ALTO GIRO;ARROZ REI ARTHUR 5 KG BRANCO TIPO 1;ARROZ REI ARTHUR PCT 5KG TIPO 1 BRANCO;#01 MERCEARIA - CEREAIS E GRÃOS
199440;#01 MERCEARIA - #01 ALTO GIRO;ARROZ SANTA FE 5 KG TP1;ARROZ SANTA FE PCT 5KG TIPO 1 BRANCO;#01 MERCEARIA - CEREAIS E GRÃOS
326645;#01 MERCEARIA - #01 ALTO GIRO;ARROZ SEU ARROZ 5KG TP1 BRANCO;ARROZ SEU ARROZ PCT 5KG TIPO 1 BRANCO;#01 MERCEARIA - CEREAIS E GRÃOS
100040;#01 MERCEARIA - #01 ALTO GIRO;ARROZ TIO JORGE 5 KG BRANCO TIPO 1;ARROZ TIO JORGE PCT 5KG TIPO 1 BRANCO;#01 MERCEARIA - CEREAIS E GRÃOS
113480;#01 MERCEARIA - #01 ALTO GIRO;ARROZ TIO URBANO 5KG TP 1 BRANCO;ARROZ TIO URBANO PCT 5KG TIPO 1 BRANCO;#01 MERCEARIA - CEREAIS E GRÃOS
100087;#01 MERCEARIA - #02 ALTO GIRO;ACUCAR CRISTAL 2KG CAUAXI;AÇÚCAR CAUAXI 2KG CRISTAL;#01 MERCEARIA - AÇÚCAR E ADOÇANTES
298239;#01 MERCEARIA - #02 ALTO GIRO;ACUCAR CRISTAL ECOCUCAR 2KG;AÇÚCAR ECOÇÚCAR 2KG CRISTAL;#01 MERCEARIA - AÇÚCAR E ADOÇANTES
116507;#01 MERCEARIA - #02 ALTO GIRO;FEIJÃO DA CASA 1KG CARIOCA;FEIJÃO DA CASA 1KG CARIOCA;#01 MERCEARIA - FEIJÕES E LEGUMINOSAS
200178;#01 MERCEARIA - #02 ALTO GIRO;FEIJÃO CARIOCA DONA DE 1KG;FEIJÃO DONA DE 1KG CARIOCA;#01 MERCEARIA - FEIJÕES E LEGUMINOSAS
286381;#01 MERCEARIA - #02 ALTO GIRO;FEIJÃO DONA DE 1KG PRETO;FEIJÃO DONA DE 1KG PRETO;#01 MERCEARIA - FEIJÕES E LEGUMINOSAS
279573;#01 MERCEARIA - #02 ALTO GIRO;FEIJÃO DONA MARIA 1KG CARIOCA;FEIJÃO DONA MARIA 1KG CARIOCA;#01 MERCEARIA - FEIJÕES E LEGUMINOSAS
100014;#01 MERCEARIA - #02 ALTO GIRO;FEIJÃO GOL CORES 1KG;FEIJÃO GOL 1KG CORES;#01 MERCEARIA - FEIJÕES E LEGUMINOSAS
167687;#01 MERCEARIA - #02 ALTO GIRO;FEIJÃO CARIOCA JOAOZINHO PREMIUM 1KG;FEIJÃO JOAOZINHO 1KG CARIOCA PREMIUM;#01 MERCEARIA - FEIJÕES E LEGUMINOSAS
158278;#01 MERCEARIA - #02 ALTO GIRO;FEIJÃO SEMPRE VERDE JOAOZINHO 1KG;FEIJÃO JOAOZINHO 1KG SEMPRE VERDE;#01 MERCEARIA - FEIJÕES E LEGUMINOSAS
167686;#01 MERCEARIA - #02 ALTO GIRO;FEIJÃO CARIOCA KI SABOR 1KG;FEIJÃO KI SABOR 1KG CARIOCA;#01 MERCEARIA - FEIJÕES E LEGUMINOSAS
163918;#01 MERCEARIA - #02 ALTO GIRO;FEIJÃO KICALDO 1KG CARIOCA;FEIJÃO KICALDO 1KG CARIOCA;#01 MERCEARIA - FEIJÕES E LEGUMINOSAS
140665;#01 MERCEARIA - #02 ALTO GIRO;FEIJÃO PRETO KICALDO TP1 1KG;FEIJÃO KICALDO 1KG PRETO;#01 MERCEARIA - FEIJÕES E LEGUMINOSAS
292124;#01 MERCEARIA - #02 ALTO GIRO;FEIJÃO TIO CHICO 1KG CARIOCA TIPO 1;FEIJÃO TIO CHICO 1KG CARIOCA;#01 MERCEARIA - FEIJÕES E LEGUMINOSAS
100013;#01 MERCEARIA - #02 ALTO GIRO;FEIJÃO TIO JORGE 1 KG CARIOCA;FEIJÃO TIO JORGE 1KG CARIOCA;#01 MERCEARIA - FEIJÕES E LEGUMINOSAS
100054;#01 MERCEARIA - #02 ALTO GIRO;ÓLEO SOJA BREJEIRO 900 ML;ÓLEO DE SOJA BREJEIRO 900ML;#01 MERCEARIA - ÓLEOS E GORDURAS
167128;#01 MERCEARIA - #02 ALTO GIRO;ÓLEO SOJA REFINADO CONCORDIA 900ML;ÓLEO DE SOJA CONCORDIA 900ML;#01 MERCEARIA - ÓLEOS E GORDURAS
106680;#01 MERCEARIA - #02 ALTO GIRO;ÓLEO SOJA SOYA 900ML;ÓLEO DE SOJA SOYA 900ML;#01 MERCEARIA - ÓLEOS E GORDURAS
117533;#02 MERCEARIA - CAFÉ DA MANHÃ;ACHOCOLATADO EM PÓ 3 CORACOES 400GR CHOCOLATTO SCH;ACHOCOLATADO EM PÓ 3 CORACOES SACHÊ 400G CHOCOLATTO;#02 MERCEARIA - ACHOCOLATADOS E CAFÉ
325092;#02 MERCEARIA - CAFÉ DA MANHÃ;ACHOCOLATADO NESCAU 350GR EM PO;ACHOCOLATADO EM PÓ NESCAU 350G;#02 MERCEARIA - ACHOCOLATADOS E CAFÉ
255232;#02 MERCEARIA - CAFÉ DA MANHÃ;ACHOCOLATADO EM PÓ TODDY 750G;ACHOCOLATADO EM PÓ TODDY 750G;#02 MERCEARIA - ACHOCOLATADOS E CAFÉ
298736;#02 MERCEARIA - CAFÉ DA MANHÃ;ACHOCOLATADO ITALAKINHO 200ML CHOCOLATE;ACHOCOLATADO ITALAKINHO 200ML CHOCOLATE;#02 MERCEARIA - ACHOCOLATADOS E CAFÉ
318330;#02 MERCEARIA - CAFÉ DA MANHÃ;ACHOCOLATADO NESCAU 350GR EM PO;ACHOCOLATADO NESCAU 350G EM PÓ;#02 MERCEARIA - ACHOCOLATADOS E CAFÉ
115855;#02 MERCEARIA - CAFÉ DA MANHÃ;CAFÉ 3CORACOES EXTRAFORTE 250G;CAFÉ 3 CORAÇÕES 250G EXTRAFORTE;#02 MERCEARIA - ACHOCOLATADOS E CAFÉ
101137;#02 MERCEARIA - CAFÉ DA MANHÃ;CAFÉ MARATA 250GR A VACUO TRADIC;CAFÉ MARATA 250G TRADICIONAL;#02 MERCEARIA - ACHOCOLATADOS E CAFÉ
101139;#02 MERCEARIA - CAFÉ DA MANHÃ;CAFÉ MELITTA 250GR TRADICIONAL;CAFÉ MELITTA 250G TRADICIONAL;#02 MERCEARIA - ACHOCOLATADOS E CAFÉ
101136;#02 MERCEARIA - CAFÉ DA MANHÃ;CAFÉ PILAO 250GR TRADICIONAL;CAFÉ PILAO 250G TRADICIONAL;#02 MERCEARIA - ACHOCOLATADOS E CAFÉ
114037;#02 MERCEARIA - CAFÉ DA MANHÃ;CAFÉ SANTA CLARA 250GR CLASSICO;CAFÉ SANTA CLARA 250G CLASSICO;#02 MERCEARIA - ACHOCOLATADOS E CAFÉ
271661;#02 MERCEARIA - CAFÉ DA MANHÃ;CAFÉ SANTA CLARA 250GR VACUO EXTRA FORTE;CAFÉ SANTA CLARA 250G VACUO EXTRA FORTE;#02 MERCEARIA - ACHOCOLATADOS E CAFÉ
305475;#02 MERCEARIA - CAFÉ DA MANHÃ;CAFÉ UNIAO 250GR TRADICIONAL;CAFÉ UNIÃO 250G TRADICIONAL;#02 MERCEARIA - ACHOCOLATADOS E CAFÉ
252992;#02 MERCEARIA - CAFÉ DA MANHÃ;CEREAL SUCRILHOS KELLOGS 240G ORIGINAL;CEREAL KELLOGS 240G SUCRILHOS ORIGINAL;#02 MERCEARIA - CEREAIS MATINAIS
130107;#02 MERCEARIA - CONDIMENTOS;AZEITE COCINERO EXTRA VIRGEM 500ML;AZEITE DE OLIVA COCINERO 500ML EXTRA VIRGEM;#02 MERCEARIA - CONDIMENTOS E TEMPEROS
132657;#02 MERCEARIA - CONDIMENTOS;AZEITE GALLO 500ML EXTRA VIRGEM;AZEITE DE OLIVA GALLO VIDRO 500ML EXTRA VIRGEM;#02 MERCEARIA - CONDIMENTOS E TEMPEROS
100709;#02 MERCEARIA - CONDIMENTOS;AZEITE GALLO 500ML TIPO UNICO VIDRO;AZEITE DE OLIVA GALLO VIDRO 500ML TIPO UNICO;#02 MERCEARIA - CONDIMENTOS E TEMPEROS
123202;#02 MERCEARIA - CONDIMENTOS;AZEITONAS V LA VIOLETERA 1,8KG FATIADA;AZEITONAS LA VIOLETERA 1,8KG VERDES FATIADAS;#02 MERCEARIA - CONDIMENTOS E TEMPEROS
111378;#02 MERCEARIA - CONDIMENTOS;AZEITONA VERDE LA VIOLETERA 160GR FATIAD;AZEITONAS LA VIOLETERA 160G VERDES FATIADAS;#02 MERCEARIA - CONDIMENTOS E TEMPEROS
123206;#02 MERCEARIA - CONDIMENTOS;AZEITONA LA VIOLETERA FATIADA 160GR SACH;AZEITONAS LA VIOLETERA SACHÊ 160G FATIADA;#02 MERCEARIA - CONDIMENTOS E TEMPEROS
289034;#02 MERCEARIA - CONDIMENTOS;AZEITONA VERDE RIVOLI DOYPACK 200GR;AZEITONAS RIVOLI DOYPACK 200G VERDES;#02 MERCEARIA - CONDIMENTOS E TEMPEROS
242311;#02 MERCEARIA - CONDIMENTOS;CATCHUP ARISCO TRADICIONAL 370G;CATCHUP ARISCO 370G TRADICIONAL;#02 MERCEARIA - CONDIMENTOS E TEMPEROS
150665;#02 MERCEARIA - CONDIMENTOS;CATCHUP PICANTE OLE 400G;CATCHUP OLE 400G PICANTE;#02 MERCEARIA - CONDIMENTOS E TEMPEROS
147192;#02 MERCEARIA - CONDIMENTOS;CATCHUP OLE TRADICIONAL400GR;CATCHUP OLE 400G TRADICIONAL;#02 MERCEARIA - CONDIMENTOS E TEMPEROS
273714;#02 MERCEARIA - CONDIMENTOS;EXTRATO TOMATE ELEFANTE 300G POTE;EXTRATO DE TOMATE ELEFANTE POTE 300G;#02 MERCEARIA - CONDIMENTOS E TEMPEROS
100780;#02 MERCEARIA - CONDIMENTOS;EXT TOMATE OLE 190GR CP;EXTRATO DE TOMATE OLE COPO 190G;#02 MERCEARIA - CONDIMENTOS E TEMPEROS
118822;#02 MERCEARIA - CONDIMENTOS;EXT TOMATE OLE 260G CP;EXTRATO DE TOMATE OLE COPO 260G;#02 MERCEARIA - CONDIMENTOS E TEMPEROS
100789;#02 MERCEARIA - CONDIMENTOS;KETCHUP QUERO 400GR PICANTE;KETCHUP QUERO 400G PICANTE;#02 MERCEARIA - CONDIMENTOS E TEMPEROS
100785;#02 MERCEARIA - CONDIMENTOS;KETCHUP QUERO 400GR TRADICIONAL;KETCHUP QUERO 400G TRADICIONAL;#02 MERCEARIA - CONDIMENTOS E TEMPEROS
101726;#02 MERCEARIA - CONDIMENTOS;MAIONESE ARISCO 500GR TRADICIONAL;MAIONESE ARISCO 500G TRADICIONAL;#02 MERCEARIA - CONDIMENTOS E TEMPEROS
101728;#02 MERCEARIA - CONDIMENTOS;MAIONESE HELLMANNS 500GR TRADICIONAL;MAIONESE HELLMANNS 500G TRADICIONAL;#02 MERCEARIA - CONDIMENTOS E TEMPEROS
115724;#02 MERCEARIA - CONDIMENTOS;MAIONESE QUERO SCHT 200GR;MAIONESE QUERO SACHE 200G;#02 MERCEARIA - CONDIMENTOS E TEMPEROS
115670;#02 MERCEARIA - CONDIMENTOS;MAIONESE QUERO TP 270G TRAD;MAIONESE QUERO TP 270G TRADICIONAL;#02 MERCEARIA - CONDIMENTOS E TEMPEROS
193917;#02 MERCEARIA - CONDIMENTOS;MAIONESE SOFRUTA SACHE 200G;MAIONESE SOFRUTA SACHE 200G;#02 MERCEARIA - CONDIMENTOS E TEMPEROS
244444;#02 MERCEARIA - CONDIMENTOS;MOLHO TOMATE DEZ 300GR TRADICIONAL;MOLHO DE TOMATE DEZ 300G TRADICIONAL;#02 MERCEARIA - CONDIMENTOS E TEMPEROS
287073;#02 MERCEARIA - CONDIMENTOS;MOLHO DE TOMATE SABORELLE 300GR TRADICIO;MOLHO DE TOMATE SABORELLE 300G TRADICIONAL;#02 MERCEARIA - CONDIMENTOS E TEMPEROS
271875;#02 MERCEARIA - CONDIMENTOS;MOLHO HEMMER 300GR TRADICIONAL;MOLHO HEMMER 300G TRADICIONAL;#02 MERCEARIA - CONDIMENTOS E TEMPEROS
321107;#02 MERCEARIA - CONDIMENTOS;MOLHO PRONTO QUERO 240GR TRADICIONAL SCH;MOLHO QUERO PRONTO SACHÊ 240G TRADICIONAL;#02 MERCEARIA - CONDIMENTOS E TEMPEROS
148235;#02 MERCEARIA - CONDIMENTOS;MOLHO TOMATE VAL 300GR TRADICIONAL;MOLHO TOMATE VAL 300G TRADICIONAL;#02 MERCEARIA - CONDIMENTOS E TEMPEROS
100876;#02 MERCEARIA - CONDIMENTOS;TEMPERO ARISCO 1KG COMPLETO C/ PIMENTA;TEMPERO ARISCO 1KG COMPLETO COM PIMENTA;#02 MERCEARIA - CONDIMENTOS E TEMPEROS
133469;#02 MERCEARIA - CONDIMENTOS;TEMPERO EM PÓ SAZON SACHÊ 60G ALECRIM;TEMPERO EM PÓ SAZON SACHÊ 60G ALECRIM;#02 MERCEARIA - CONDIMENTOS E TEMPEROS
108465;#02 MERCEARIA - CONDIMENTOS;TEMPERO EM PÓ SAZON SACHÊ 60G ARROZ;TEMPERO EM PÓ SAZON SACHÊ 60G ARROZ;#02 MERCEARIA - CONDIMENTOS E TEMPEROS
100880;#02 MERCEARIA - CONDIMENTOS;TEMPERO EM PÓ SAZON SACHÊ 60G SCH AVES/VERDE;TEMPERO EM PÓ SAZON SACHÊ 60G AVES/VERDE;#02 MERCEARIA - CONDIMENTOS E TEMPEROS
100884;#02 MERCEARIA - CONDIMENTOS;TEMPERO EM PÓ SAZON SACHÊ 60G SCH CARNES/VERMELHO;TEMPERO EM PÓ SAZON SACHÊ 60G CARNES/VERMELHO;#02 MERCEARIA - CONDIMENTOS E TEMPEROS
106833;#02 MERCEARIA - CONDIMENTOS;TEMPERO EM PÓ SAZON SACHÊ 60G FEIJÃO/MARROM;TEMPERO EM PÓ SAZON SACHÊ 60G FEIJÃO/MARROM;#02 MERCEARIA - CONDIMENTOS E TEMPEROS
108466;#02 MERCEARIA - CONDIMENTOS;TEMPERO EM PÓ SAZON SACHÊ 60G LEGUMES/AMARELO;TEMPERO EM PÓ SAZON SACHÊ 60G LEGUMES/AMARELO;#02 MERCEARIA - CONDIMENTOS E TEMPEROS
133470;#02 MERCEARIA - CONDIMENTOS;TEMPERO EM PÓ SAZON SACHÊ 60G LIMAO;TEMPERO EM PÓ SAZON SACHÊ 60G LIMAO;#02 MERCEARIA - CONDIMENTOS E TEMPEROS
100881;#02 MERCEARIA - CONDIMENTOS;TEMPERO EM PÓ SAZON SACHÊ 60G SCH MASSAS MOLHOS;TEMPERO EM PÓ SAZON SACHÊ 60G MASSAS /MOLHOS;#02 MERCEARIA - CONDIMENTOS E TEMPEROS
106812;#02 MERCEARIA - CONDIMENTOS;TEMPERO EM PÓ SAZON SACHÊ 60G NORDESTE;TEMPERO EM PÓ SAZON SACHÊ 60G NORDESTE;#02 MERCEARIA - CONDIMENTOS E TEMPEROS
100883;#02 MERCEARIA - CONDIMENTOS;TEMPERO EM PÓ SAZON SACHÊ 60G SCH SALADAS;TEMPERO EM PÓ SAZON SACHÊ 60G SALADAS;#02 MERCEARIA - CONDIMENTOS E TEMPEROS
106830;#02 MERCEARIA - CONDIMENTOS;TEMPERO COMPLETO MARIZA 1KG;TEMPERO MARIZA 1KG COMPLETO;#02 MERCEARIA - CONDIMENTOS E TEMPEROS
106831;#02 MERCEARIA - CONDIMENTOS;TEMP COMPLETO SABORELLE 930GR;TEMPERO SABORELE 930G COMPLETO;#02 MERCEARIA - CONDIMENTOS E TEMPEROS
111010;#02 MERCEARIA - CONDIMENTOS;TEMP COMPLETO SABORELLE 930GR S/PIMENTA;TEMPERO SABORELLE 930G COMPLETO SEM PIMENTA;#02 MERCEARIA - CONDIMENTOS E TEMPEROS
106961;#02 MERCEARIA - CONDIMENTOS;VINAGRE CASTELO 750ML ALCOOL;VINAGRE CASTELO 750ML ALCOOL;#02 MERCEARIA - CONDIMENTOS E TEMPEROS
106960;#02 MERCEARIA - CONDIMENTOS;VINAGRE CASTELO 750ML ALCOOL COLORIDO;VINAGRE CASTELO 750ML ALCOOL COLORIDO;#02 MERCEARIA - CONDIMENTOS E TEMPEROS
137423;#02 MERCEARIA - CONDIMENTOS;VINAGRE SABORELLE COMPOSTO BRANCO 750ML;VINAGRE SABORELLE 750ML COMPOSTO BRANCO;#02 MERCEARIA - CONDIMENTOS E TEMPEROS
227503;#02 MERCEARIA - CONGELADOS;BATATA PALITO PRE-FRITA CONG. SADIA PT 4;BATATA SADIA PCT 400G CONGELADA PRE-FRITA PALITO;#02 MERCEARIA - CONGELADOS
194792;#02 MERCEARIA - CONGELADOS;BATATAS PRE-FRITAS CONG BOUA 2KG;BATATAS BOUA 2KG CONGELADAS PRE-FRITAS;#02 MERCEARIA - CONGELADOS
193650;#02 MERCEARIA - CONGELADOS;BATATAS PRE-FRITAS CONG BOUA  400GR;BATATAS BOUA 400G CONGELADAS PRE-FRITAS;#02 MERCEARIA - CONGELADOS
320181;#02 MERCEARIA - CONGELADOS;PÃO DE QUEIJO PREMIUM BRASIL 300GR TRADI;PÃO DE QUEIJO BRASIL 300G PREMIUM TRADICIONAL;#02 MERCEARIA - CONGELADOS
228484;#02 MERCEARIA - CONGELADOS;PÃO DE QJO TRAD ESPECIAL VITORIA 300G;PÃO DE QUEIJO VITORIA 300G TRADICIONAL ESPECIAL;#02 MERCEARIA - CONGELADOS
268136;#02 MERCEARIA - CONGELADOS;PÃO DE QUEIJO VO LUIZA 800GR CONGELADO;PÃO DE QUEIJO VO LUIZA 800G CONGELADO;#02 MERCEARIA - CONGELADOS
130293;#02 MERCEARIA - CONGELADOS;PIZZA SEARA 460GR FRANGO C/ CATUPIRY;PIZZA SEARA 460G FRANGO COM CATUPIRY;#02 MERCEARIA - CONGELADOS
199869;#02 MERCEARIA - DOCES E SALGADOS;BISCOITO ROSQUINHA DE COCO ADORALLE 600G;BISCOITO ADORALLE 600G ROSQUINHA DE COCO;#02 MERCEARIA - BISCOITOS E SALGADINHOS
234617;#02 MERCEARIA - DOCES E SALGADOS;BISC CREAM CRACKER ESTRELA 350G;BISCOITO ESTRELA 350G CREAM CRACKER;#02 MERCEARIA - BISCOITOS E SALGADINHOS
261728;#02 MERCEARIA - DOCES E SALGADOS;BISCOITO FORTALEZA 350GR CREAM CRACKER;BISCOITO FORTALEZA 350G CREAM CRACKER;#02 MERCEARIA - BISCOITOS E SALGADINHOS
186826;#02 MERCEARIA - DOCES E SALGADOS;BISCOITO CREAM CRACKER GALLO 360GR;BISCOITO GALLO 360G CREAM CRACKER;#02 MERCEARIA - BISCOITOS E SALGADINHOS
286197;#02 MERCEARIA - DOCES E SALGADOS;BISCOITO MABEL 600GR ROSCA COCO;BISCOITO MABEL 600G ROSQUINHA COCO;#02 MERCEARIA - BISCOITOS E SALGADINHOS
250013;#02 MERCEARIA - DOCES E SALGADOS;BISC MARILAN CRACKER ESPECIAL 350GR;BISCOITO MARILAN 350G CRACKER ESPECIAL;#02 MERCEARIA - BISCOITOS E SALGADINHOS
257157;#02 MERCEARIA - DOCES E SALGADOS;ROSCA MICOS DE COCO 600G;BISCOITO MICOS 600G ROSQUINHA COCO;#02 MERCEARIA - BISCOITOS E SALGADINHOS
263553;#02 MERCEARIA - DOCES E SALGADOS;ROSQUINHA LEITE MICOS 600G;BISCOITO MICOS 600G ROSQUINHA LEITE;#02 MERCEARIA - BISCOITOS E SALGADINHOS
239315;#02 MERCEARIA - DOCES E SALGADOS;ROSQ COCO RANCHEIRO 600G;BISCOITO RANCHEIRO 600G ROSQUINHA COCO;#02 MERCEARIA - BISCOITOS E SALGADINHOS
315855;#02 MERCEARIA - DOCES E SALGADOS;BISCOITO RENATA 360GR COCO;BISCOITO RENATA 360G COCO;#02 MERCEARIA - BISCOITOS E SALGADINHOS
315854;#02 MERCEARIA - DOCES E SALGADOS;BISCOITO RENATA 360GR MAIZENA;BISCOITO RENATA 360G MAIZENA;#02 MERCEARIA - BISCOITOS E SALGADINHOS
318909;#02 MERCEARIA - DOCES E SALGADOS;BISCOITO RENATA 360GR LEITE;BISCOITO RENATA 360GR LEITE;#02 MERCEARIA - BISCOITOS E SALGADINHOS
286746;#02 MERCEARIA - DOCES E SALGADOS;BISCOITO ROSQUINHA 600GR SULLPER COCO;BISCOITO SULLPER 600G ROSQUINHA COCO;#02 MERCEARIA - BISCOITOS E SALGADINHOS
239682;#02 MERCEARIA - DOCES E SALGADOS;BOMBOM GAROTO SORTIDO 250G;BOMBOM GAROTO CAIXA 250G SORTIDO;#02 MERCEARIA - CHOCOLATES E DOCES
181622;#02 MERCEARIA - DOCES E SALGADOS;BOMBONS LACTA FAVORITOS 250,6 GR;BOMBOM LACTA 250,6G FAVORITOS;#02 MERCEARIA - CHOCOLATES E DOCES
237036;#02 MERCEARIA - DOCES E SALGADOS;BOMBOM NESTLE ESPECIALIDADES 251G;BOMBOM NESTLE 251G ESPECIALIDADES;#02 MERCEARIA - CHOCOLATES E DOCES
100754;#02 MERCEARIA - DOCES E SALGADOS;PALMITO PERIQUITU 300GR ACAI INTEIRO;PALMITO PERIQUITU 300G ACAI INTEIRO;#02 MERCEARIA - CONSERVAS
247713;#02 MERCEARIA - DOCES E SALGADOS;BISCOITO PETA TRAD 210G;PETA 210G TRADICIONAL;#02 MERCEARIA - BISCOITOS E SALGADINHOS
216777;#02 MERCEARIA - DOCES E SALGADOS;PETA TRADICI. PIGNATTA 160G;PETA PIGNATTA 160G TRADICIONAL;#02 MERCEARIA - BISCOITOS E SALGADINHOS
238093;#02 MERCEARIA - DOCES E SALGADOS;PETA PALITO TRADICIONAL PIGNATTA 200G;PETA PIGNATTA 200G PALITO TRADICIONAL;#02 MERCEARIA - BISCOITOS E SALGADINHOS
114256;#02 MERCEARIA - ENLATADOS;DOCE PESSEGO GB 450G METADES;DOCE DE PESSEGO GB 450G METADES;#02 MERCEARIA - CONSERVAS
234626;#02 MERCEARIA - ENLATADOS;MILHO VERDE BONARE LATA 170G;MILHO VERDE BONARE LATA 170G;#02 MERCEARIA - CONSERVAS
130920;#02 MERCEARIA - ENLATADOS;MILHO VERDE FUGINI VAPOR LT 200GR;MILHO VERDE FUGINI LATA 200G VAPOR;#02 MERCEARIA - CONSERVAS
134749;#02 MERCEARIA - ENLATADOS;MILHO VERDE OLE 170GR LT;MILHO VERDE OLE LATA 170G;#02 MERCEARIA - CONSERVAS
221945;#02 MERCEARIA - ENLATADOS;MILHO VERDE LATA 170G PREDILECTA;MILHO VERDE PREDILECTA LATA 170G;#02 MERCEARIA - CONSERVAS
107640;#02 MERCEARIA - ENLATADOS;MILHO VERDE QUERO 170GR LATA;MILHO VERDE QUERO LATA 170G;#02 MERCEARIA - CONSERVAS
234316;#02 MERCEARIA - ENLATADOS;MILHO VERDE SOFRUTA LATA 170G;MILHO VERDE SOFRUTA LATA 170G;#02 MERCEARIA - CONSERVAS
270291;#02 MERCEARIA - ENLATADOS;SUCO MID 20G BAUNILHA C/LIMAO;REFRESCO EM PÓ MID 20G BAUNILHA COM LIMAO;#02 MERCEARIA - REFRESCOS EM PÓ
100706;#02 MERCEARIA - ENLATADOS;SARDINHA COQUEIRO 125GR MOLHO DE TOMATE;SARDINHA COQUEIRO 125G MOLHO DE TOMATE;#02 MERCEARIA - CONSERVAS
221089;#02 MERCEARIA - ENLATADOS;SARDINHA COQUEIRO ÓLEO 125G;SARDINHA COQUEIRO 125G ÓLEO;#02 MERCEARIA - CONSERVAS
100707;#02 MERCEARIA - ENLATADOS;SARDINHA COQUEIRO 125GR ÓLEO;SARDINHA COQUEIRO 125G ÓLEO;#02 MERCEARIA - CONSERVAS
106853;#02 MERCEARIA - ENLATADOS;SARDINHA GOMES COSTA 125GR TOMATE PICANT;SARDINHA GOMES COSTA TOMATE PICANTE 125G;#02 MERCEARIA - CONSERVAS
100695;#02 MERCEARIA - ENLATADOS;SARDINHA GOMES DA COSTA LT 125GR DEFUMAD;SARDINHA GOMES DA COSTA 125G DEFUMADA;#02 MERCEARIA - CONSERVAS
100704;#02 MERCEARIA - ENLATADOS;SARDINHA GOMES DA COSTA 125GR ERVAS;SARDINHA GOMES DA COSTA 125G ERVAS;#02 MERCEARIA - CONSERVAS
100694;#02 MERCEARIA - ENLATADOS;SARDINHA GOMES DA COSTA LT 125GR LIMAO;SARDINHA GOMES DA COSTA 125G LIMAO;#02 MERCEARIA - CONSERVAS
100693;#02 MERCEARIA - ENLATADOS;SARDINHA GOMES DA COSTA LT 125GR ÓLEO;SARDINHA GOMES DA COSTA 125G ÓLEO;#02 MERCEARIA - CONSERVAS
100705;#02 MERCEARIA - ENLATADOS;SARDINHA GOMES DA COSTA 125GR TOMATE;SARDINHA GOMES DA COSTA 125G TOMATE;#02 MERCEARIA - CONSERVAS
110330;#02 MERCEARIA - FARINHAS;CUSCUZ DE MILHO BONOMILHO 500GR CUSCUZ;CUSCUZ DE MILHO BONOMILHO 500G;#02 MERCEARIA - FARINHAS E DERIVADOS
166151;#02 MERCEARIA - FARINHAS;CUSCUZ DE MILHO CORINGA 500GR;CUSCUZ DE MILHO CORINGA 500G;#02 MERCEARIA - FARINHAS E DERIVADOS
112978;#02 MERCEARIA - FARINHAS;CUSCUZ DE MILHO SINHA 500GR;CUSCUZ DE MILHO SINHA 500G;#02 MERCEARIA - FARINHAS E DERIVADOS
128930;#02 MERCEARIA - FARINHAS;FARINHA MANDIOCA AMAFIL AMARELA OURO 1KG;FARINHA DE MANDIOCA AMAFIL 1KG AMARELA OURO;#02 MERCEARIA - FARINHAS E DERIVADOS
324143;#02 MERCEARIA - FARINHAS;FARINHA DE MANDIOCA OVINHA DONA DE 1 KG;FARINHA DE MANDIOCA OVINHA DONA DE 1KG;#02 MERCEARIA - FARINHAS E DERIVADOS
268021;#02 MERCEARIA - FARINHAS;FARINHA DE MANDIOCA XINGU 1KG FINA AMARE;FARINHA DE MANDIOCA XINGU 1KG FINA AMARELA;#02 MERCEARIA - FARINHAS E DERIVADOS
128898;#02 MERCEARIA - FARINHAS;FARINHA MILHO AMAFIL BIJU 500 GR;FARINHA DE MILHO AMAFIL 500G BIJU;#02 MERCEARIA - FARINHAS E DERIVADOS
100110;#02 MERCEARIA - FARINHAS;FARINHA MILHO SINHA 500G BIJU;FARINHA DE MILHO SINHA 500G BIJU;#02 MERCEARIA - FARINHAS E DERIVADOS
100030;#02 MERCEARIA - FARINHAS;FARINHA TRIGO CRISTAL 1KG SEM FERMENTO;FARINHA DE TRIGO CRISTAL 1KG SEM FERMENTO;#02 MERCEARIA - FARINHAS E DERIVADOS
107361;#02 MERCEARIA - FARINHAS;FARINHA TRIGO DONA BENTA 1KG C/FERMENTO;FARINHA DE TRIGO DONA BENTA 1KG COM FERMENTO;#02 MERCEARIA - FARINHAS E DERIVADOS
100024;#02 MERCEARIA - FARINHAS;FARINHA TRIGO DONA BENTA 1KG SEM FERMENT;FARINHA DE TRIGO DONA BENTA 1KG SEM FERMENTO;#02 MERCEARIA - FARINHAS E DERIVADOS
155501;#02 MERCEARIA - FARINHAS;FARINHA DE TRIGO MIRELLA S/FERMENTO;FARINHA DE TRIGO MIRELLA 1KG SEM FERMENTO;#02 MERCEARIA - FARINHAS E DERIVADOS
134629;#02 MERCEARIA - FARINHAS;FAR TRIGO MIRELLA 1KG S/FERMENTO PAPEL;FARINHA DE TRIGO MIRELLA 1KG SEM FERMENTO;#02 MERCEARIA - FARINHAS E DERIVADOS
100027;#02 MERCEARIA - FARINHAS;FARINHA TRIGO ORQUIDEA 1KG SEM FERMENTO;FARINHA DE TRIGO ORQUIDEA 1KG SEM FERMENTO;#02 MERCEARIA - FARINHAS E DERIVADOS
234617;#02 MERCEARIA - DOCES E SALGADOS;BISC CREAM CRACKER ESTRELA 350G;BISCOITO ESTRELA 350G CREAM CRACKER;#02 MERCEARIA - BISCOITOS E SALGADINHOS
261728;#02 MERCEARIA - DOCES E SALGADOS;BISCOITO FORTALEZA 350GR CREAM CRACKER;BISCOITO FORTALEZA 350G CREAM CRACKER;#02 MERCEARIA - BISCOITOS E SALGADINHOS
186826;#02 MERCEARIA - DOCES E SALGADOS;BISCOITO CREAM CRACKER GALLO 360GR;BISCOITO GALLO 360G CREAM CRACKER;#02 MERCEARIA - BISCOITOS E SALGADINHOS
286197;#02 MERCEARIA - DOCES E SALGADOS;BISCOITO MABEL 600GR ROSCA COCO;BISCOITO MABEL 600G ROSQUINHA COCO;#02 MERCEARIA - BISCOITOS E SALGADINHOS
250013;#02 MERCEARIA - DOCES E SALGADOS;BISC MARILAN CRACKER ESPECIAL 350GR;BISCOITO MARILAN 350G CRACKER ESPECIAL;#02 MERCEARIA - BISCOITOS E SALGADINHOS
257157;#02 MERCEARIA - DOCES E SALGADOS;ROSCA MICOS DE COCO 600G;BISCOITO MICOS 600G ROSQUINHA COCO;#02 MERCEARIA - BISCOITOS E SALGADINHOS
263553;#02 MERCEARIA - DOCES E SALGADOS;ROSQUINHA LEITE MICOS 600G;BISCOITO MICOS 600G ROSQUINHA LEITE;#02 MERCEARIA - BISCOITOS E SALGADINHOS
239315;#02 MERCEARIA - DOCES E SALGADOS;ROSQ COCO RANCHEIRO 600G;BISCOITO RANCHEIRO 600G ROSQUINHA COCO;#02 MERCEARIA - BISCOITOS E SALGADINHOS
315855;#02 MERCEARIA - DOCES E SALGADOS;BISCOITO RENATA 360GR COCO;BISCOITO RENATA 360G COCO;#02 MERCEARIA - BISCOITOS E SALGADINHOS
315854;#02 MERCEARIA - DOCES E SALGADOS;BISCOITO RENATA 360GR MAIZENA;BISCOITO RENATA 360G MAIZENA;#02 MERCEARIA - BISCOITOS E SALGADINHOS
318909;#02 MERCEARIA - DOCES E SALGADOS;BISCOITO RENATA 360GR LEITE;BISCOITO RENATA 360GR LEITE;#02 MERCEARIA - BISCOITOS E SALGADINHOS
286746;#02 MERCEARIA - DOCES E SALGADOS;BISCOITO ROSQUINHA 600GR SULLPER COCO;BISCOITO SULLPER 600G ROSQUINHA COCO;#02 MERCEARIA - BISCOITOS E SALGADINHOS
239682;#02 MERCEARIA - DOCES E SALGADOS;BOMBOM GAROTO SORTIDO 250G;BOMBOM GAROTO CAIXA 250G SORTIDO;#02 MERCEARIA - CHOCOLATES E DOCES
181622;#02 MERCEARIA - DOCES E SALGADOS;BOMBONS LACTA FAVORITOS 250,6 GR;BOMBOM LACTA 250,6G FAVORITOS;#02 MERCEARIA - CHOCOLATES E DOCES
237036;#02 MERCEARIA - DOCES E SALGADOS;BOMBOM NESTLE ESPECIALIDADES 251G;BOMBOM NESTLE 251G ESPECIALIDADES;#02 MERCEARIA - CHOCOLATES E DOCES
100754;#02 MERCEARIA - DOCES E SALGADOS;PALMITO PERIQUITU 300GR ACAI INTEIRO;PALMITO PERIQUITU 300G ACAI INTEIRO;#02 MERCEARIA - CONSERVAS
247713;#02 MERCEARIA - DOCES E SALGADOS;BISCOITO PETA TRAD 210G;PETA 210G TRADICIONAL;#02 MERCEARIA - BISCOITOS E SALGADINHOS
216777;#02 MERCEARIA - DOCES E SALGADOS;PETA TRADICI. PIGNATTA 160G;PETA PIGNATTA 160G TRADICIONAL;#02 MERCEARIA - BISCOITOS E SALGADINHOS
238093;#02 MERCEARIA - DOCES E SALGADOS;PETA PALITO TRADICIONAL PIGNATTA 200G;PETA PIGNATTA 200G PALITO TRADICIONAL;#02 MERCEARIA - BISCOITOS E SALGADINHOS
114256;#02 MERCEARIA - ENLATADOS;DOCE PESSEGO GB 450G METADES;DOCE DE PESSEGO GB 450G METADES;#02 MERCEARIA - CONSERVAS
234626;#02 MERCEARIA - ENLATADOS;MILHO VERDE BONARE LATA 170G;MILHO VERDE BONARE LATA 170G;#02 MERCEARIA - CONSERVAS
130920;#02 MERCEARIA - ENLATADOS;MILHO VERDE FUGINI VAPOR LT 200GR;MILHO VERDE FUGINI LATA 200G VAPOR;#02 MERCEARIA - CONSERVAS
134749;#02 MERCEARIA - ENLATADOS;MILHO VERDE OLE 170GR LT;MILHO VERDE OLE LATA 170G;#02 MERCEARIA - CONSERVAS
221945;#02 MERCEARIA - ENLATADOS;MILHO VERDE LATA 170G PREDILECTA;MILHO VERDE PREDILECTA LATA 170G;#02 MERCEARIA - CONSERVAS
107640;#02 MERCEARIA - ENLATADOS;MILHO VERDE QUERO 170GR LATA;MILHO VERDE QUERO LATA 170G;#02 MERCEARIA - CONSERVAS
234316;#02 MERCEARIA - ENLATADOS;MILHO VERDE SOFRUTA LATA 170G;MILHO VERDE SOFRUTA LATA 170G;#02 MERCEARIA - CONSERVAS
270291;#02 MERCEARIA - ENLATADOS;SUCO MID 20G BAUNILHA C/LIMAO;REFRESCO EM PÓ MID 20G BAUNILHA COM LIMAO;#02 MERCEARIA - REFRESCOS EM PÓ
100706;#02 MERCEARIA - ENLATADOS;SARDINHA COQUEIRO 125GR MOLHO DE TOMATE;SARDINHA COQUEIRO 125G MOLHO DE TOMATE;#02 MERCEARIA - CONSERVAS
221089;#02 MERCEARIA - ENLATADOS;SARDINHA COQUEIRO ÓLEO 125G;SARDINHA COQUEIRO 125G ÓLEO;#02 MERCEARIA - CONSERVAS
100707;#02 MERCEARIA - ENLATADOS;SARDINHA COQUEIRO 125GR ÓLEO;SARDINHA COQUEIRO 125G ÓLEO;#02 MERCEARIA - CONSERVAS
106853;#02 MERCEARIA - ENLATADOS;SARDINHA GOMES COSTA 125GR TOMATE PICANT;SARDINHA GOMES COSTA TOMATE PICANTE 125G;#02 MERCEARIA - CONSERVAS
100695;#02 MERCEARIA - ENLATADOS;SARDINHA GOMES DA COSTA LT 125GR DEFUMAD;SARDINHA GOMES DA COSTA 125G DEFUMADA;#02 MERCEARIA - CONSERVAS
100704;#02 MERCEARIA - ENLATADOS;SARDINHA GOMES DA COSTA 125GR ERVAS;SARDINHA GOMES DA COSTA 125G ERVAS;#02 MERCEARIA - CONSERVAS
100694;#02 MERCEARIA - ENLATADOS;SARDINHA GOMES DA COSTA LT 125GR LIMAO;SARDINHA GOMES DA COSTA 125G LIMAO;#02 MERCEARIA - CONSERVAS
100693;#02 MERCEARIA - ENLATADOS;SARDINHA GOMES DA COSTA LT 125GR ÓLEO;SARDINHA GOMES DA COSTA 125G ÓLEO;#02 MERCEARIA - CONSERVAS
100705;#02 MERCEARIA - ENLATADOS;SARDINHA GOMES DA COSTA 125GR TOMATE;SARDINHA GOMES DA COSTA 125G TOMATE;#02 MERCEARIA - CONSERVAS
110330;#02 MERCEARIA - FARINHAS;CUSCUZ DE MILHO BONOMILHO 500GR CUSCUZ;CUSCUZ DE MILHO BONOMILHO 500G;#02 MERCEARIA - FARINHAS E DERIVADOS
166151;#02 MERCEARIA - FARINHAS;CUSCUZ DE MILHO CORINGA 500GR;CUSCUZ DE MILHO CORINGA 500G;#02 MERCEARIA - FARINHAS E DERIVADOS
112978;#02 MERCEARIA - FARINHAS;CUSCUZ DE MILHO SINHA 500GR;CUSCUZ DE MILHO SINHA 500G;#02 MERCEARIA - FARINHAS E DERIVADOS
128930;#02 MERCEARIA - FARINHAS;FARINHA MANDIOCA AMAFIL AMARELA OURO 1KG;FARINHA DE MANDIOCA AMAFIL 1KG AMARELA OURO;#02 MERCEARIA - FARINHAS E DERIVADOS
324143;#02 MERCEARIA - FARINHAS;FARINHA DE MANDIOCA OVINHA DONA DE 1 KG;FARINHA DE MANDIOCA OVINHA DONA DE 1KG;#02 MERCEARIA - FARINHAS E DERIVADOS
268021;#02 MERCEARIA - FARINHAS;FARINHA DE MANDIOCA XINGU 1KG FINA AMARE;FARINHA DE MANDIOCA XINGU 1KG FINA AMARELA;#02 MERCEARIA - FARINHAS E DERIVADOS
128898;#02 MERCEARIA - FARINHAS;FARINHA MILHO AMAFIL BIJU 500 GR;FARINHA DE MILHO AMAFIL 500G BIJU;#02 MERCEARIA - FARINHAS E DERIVADOS
100110;#02 MERCEARIA - FARINHAS;FARINHA MILHO SINHA 500G BIJU;FARINHA DE MILHO SINHA 500G BIJU;#02 MERCEARIA - FARINHAS E DERIVADOS
100030;#02 MERCEARIA - FARINHAS;FARINHA TRIGO CRISTAL 1KG SEM FERMENTO;FARINHA DE TRIGO CRISTAL 1KG SEM FERMENTO;#02 MERCEARIA - FARINHAS E DERIVADOS
107361;#02 MERCEARIA - FARINHAS;FARINHA TRIGO DONA BENTA 1KG C/FERMENTO;FARINHA DE TRIGO DONA BENTA 1KG COM FERMENTO;#02 MERCEARIA - FARINHAS E DERIVADOS
100024;#02 MERCEARIA - FARINHAS;FARINHA TRIGO DONA BENTA 1KG SEM FERMENT;FARINHA DE TRIGO DONA BENTA 1KG SEM FERMENTO;#02 MERCEARIA - FARINHAS E DERIVADOS
155501;#02 MERCEARIA - FARINHAS;FARINHA DE TRIGO MIRELLA S/FERMENTO;FARINHA DE TRIGO MIRELLA 1KG SEM FERMENTO;#02 MERCEARIA - FARINHAS E DERIVADOS
134629;#02 MERCEARIA - FARINHAS;FAR TRIGO MIRELLA 1KG S/FERMENTO PAPEL;FARINHA DE TRIGO MIRELLA 1KG SEM FERMENTO;#02 MERCEARIA - FARINHAS E DERIVADOS
100027;#02 MERCEARIA - FARINHAS;FARINHA TRIGO ORQUIDEA 1KG SEM FERMENTO;FARINHA DE TRIGO ORQUIDEA 1KG SEM FERMENTO;#02 MERCEARIA - FARINHAS E DERIVADOS
213696;#02 MERCEARIA - FARINHAS;FARINHA TRIGO TRES COROAS 1KG;FARINHA DE TRIGO TRES COROAS 1KG;#02 MERCEARIA - FARINHAS E DERIVADOS
273006;#02 MERCEARIA - FARINHAS;FARINHA LACTEA NESTLE 160G ORIGINAL;FARINHA LACTEA NESTLE 160G ORIGINAL;#02 MERCEARIA - FARINHAS E DERIVADOS
183387;#02 MERCEARIA - FARINHAS;FECULA MANDIOCA LOPES 1KG;FECULA MANDIOCA LOPES 1KG;#02 MERCEARIA - FARINHAS E DERIVADOS
111571;#02 MERCEARIA - FARINHAS;FLOCÃO ARROZ BONOARROZ 500GR;FLOCÃO DE ARROZ BONOARROZ 500G;#02 MERCEARIA - FARINHAS E DERIVADOS
255841;#02 MERCEARIA - FARINHAS;FLOCÃO DE MILHO AMAFIL 500G;FLOCÃO DE MILHO AMAFIL 500G;#02 MERCEARIA - FARINHAS E DERIVADOS
284913;#02 MERCEARIA - FARINHAS;FLOCÃO DE MILHO BONOFLOKOS 400GR;FLOCÃO DE MILHO BONOFLOKOS 400G;#02 MERCEARIA - FARINHAS E DERIVADOS
100120;#02 MERCEARIA - FARINHAS;FLOCÃO DE MILHO BONOMILHO 500G;FLOCÃO DE MILHO BONOMILHO 500G;#02 MERCEARIA - FARINHAS E DERIVADOS
166152;#02 MERCEARIA - FARINHAS;FLOCÃO MILHO SUPER FLOCÃO CORINGA 500GR;FLOCÃO DE MILHO CORINGA 500G SUPER FLOCÃO;#02 MERCEARIA - FARINHAS E DERIVADOS
117532;#02 MERCEARIA - FARINHAS;FLOCÃO MILHO DONA CLARA 500GR;FLOCÃO DE MILHO DONA CLARA 500G;#02 MERCEARIA - FARINHAS E DERIVADOS
286277;#02 MERCEARIA - FARINHAS;FLOCÃO DE MILHO SABOR DO PARA 500GR;FLOCÃO DE MILHO SABOR DO PARA 500G;#02 MERCEARIA - FARINHAS E DERIVADOS
100119;#02 MERCEARIA - FARINHAS;FLOCÃO MILHO SINHA 500GR MILHO;FLOCÃO DE MILHO SINHA 500G;#02 MERCEARIA - FARINHAS E DERIVADOS
309350;#02 MERCEARIA - FARINHAS;MASSA PASTEL JK 1KG;MASSA DE PASTEL JK 1KG;#02 MERCEARIA - FARINHAS E DERIVADOS
149122;#02 MERCEARIA - FARINHAS;MASSA P/ TAPIOCA AMAFIL 1KG;MASSA PARA TAPIOCA AMAFIL 1KG;#02 MERCEARIA - FARINHAS E DERIVADOS
149121;#02 MERCEARIA - FARINHAS;MASSA P/ TAPIOCA AMAFIL 500G;MASSA PARA TAPIOCA AMAFIL 500G;#02 MERCEARIA - FARINHAS E DERIVADOS
169708;#02 MERCEARIA - FARINHAS;MASSA PRONTA PARA TAPIOCA DO ZE 500GR AL;MASSA PARA TAPIOCA DO ZE 500G PRONTA;#02 MERCEARIA - FARINHAS E DERIVADOS
302126;#02 MERCEARIA - FARINHAS;MASSA P/ TAPIOCA DONA DE 1KG HIDRATADA;MASSA PARA TAPIOCA DONA DE 1KG HIDRATADA;#02 MERCEARIA - FARINHAS E DERIVADOS
313828;#02 MERCEARIA - FARINHAS;MASSA TAPIOCA AMAFIL MATUTO 500GR SEMI P;MASSA PARA TAPIOCA MATUTO 500G SEMI PRONTA;#02 MERCEARIA - FARINHAS E DERIVADOS
313827;#02 MERCEARIA - FARINHAS;MASSA TAPIOCA AMAFIL MATUTO 1KG SEMI PRO;MASSA TAPIOCA MATUTO 1KG SEMI PRONTO;#02 MERCEARIA - FARINHAS E DERIVADOS
182238;#02 MERCEARIA - FARINHAS;MISTURA LACTEA TRIANGULO TP 395 GR;MISTURA LACTEA TRIANGULO 395G;#02 MERCEARIA - FARINHAS E DERIVADOS
168910;#02 MERCEARIA - FARINHAS;MIST BOLO ITALAC 400GR CHOCOLATE;MISTURA PARA BOLO ITALAC 400G CHOCOLATE;#02 MERCEARIA - FARINHAS E DERIVADOS
101130;#02 MERCEARIA - FARINHAS;MIST BOLO DONA BENTA 450GR CASEICHOCOLAT;MISTURA PARA BOLOS DONA BENTA 450G CHOCOLATE;#02 MERCEARIA - FARINHAS E DERIVADOS
318358;#02 MERCEARIA - FARINHAS;POLVILHO DONA DE 1KG AZEDO;POLVILHO DONA DE 1KG AZEDO;#02 MERCEARIA - FARINHAS E DERIVADOS
144572;#02 MERCEARIA - FARINHAS;POLVILHO DOCE LOPES 1KG;POLVILHO LOPES 1KG DOCE;#02 MERCEARIA - FARINHAS E DERIVADOS
145874;#02 MERCEARIA - FARINHAS;POLVILHO AMAFIL MATUTO AZEDO 1KG;POLVILHO MATUTO 1KG AZEDO;#02 MERCEARIA - FARINHAS E DERIVADOS
128920;#02 MERCEARIA - FARINHAS;POLVILHO MATUTO 1KG DOCE;POLVILHO MATUTO 1KG DOCE;#02 MERCEARIA - FARINHAS E DERIVADOS
276943;#02 MERCEARIA - GORDURAS;MARGARINA DELICIA 1KG C CREME DE LEITE;MARGARINA DELICIA 1KG COM CREME DE LEITE;#02 MERCEARIA - GORDURAS E MARGARINAS
104660;#02 MERCEARIA - GORDURAS;MARGARINA DELICIA C/SAL 1KG;MARGARINA DELICIA 1KG COM SAL;#02 MERCEARIA - GORDURAS E MARGARINAS
306946;#02 MERCEARIA - LATICINEOS;BEBIDA LACTEA FRUTILAC 480G MORANGO;BEBIDA LACTEA FRUTILAC 480G MORANGO;#02 MERCEARIA - LATICÍNIOS
272315;#02 MERCEARIA - LATICINEOS;COMPOSTO LACTEO MOCOCA 200GR EM PO;COMPOSTO LACTEO MOCOCA 200G EM PO;#02 MERCEARIA - LATICÍNIOS
266865;#02 MERCEARIA - LATICINEOS;COMPOSTO LACTEO MOCOCA 400GR SABOR LEITE;COMPOSTO LACTEO MOCOCA 400G SABOR LEITE;#02 MERCEARIA - LATICÍNIOS
101066;#02 MERCEARIA - LATICINEOS;CREME LEITE ITALAC 200GR TP;CREME DE LEITE ITALAC 200G;#02 MERCEARIA - LATICÍNIOS
317589;#02 MERCEARIA - LATICINEOS;CREME DE LEITE UHT ITALAC 200GR 10% DE G;CREME DE LEITE ITALAC 200G 10% GORDURA;#02 MERCEARIA - LATICÍNIOS
155079;#02 MERCEARIA - LATICINEOS;CREME DE LEITE LEITBOM TP 200G;CREME DE LEITE LEITBOM 200G;#02 MERCEARIA - LATICÍNIOS
101063;#02 MERCEARIA - LATICINEOS;CREME LEITE PIRACANJUBA 200GR UHT;CREME DE LEITE PIRACANJUBA 200G UHT;#02 MERCEARIA - LATICÍNIOS
106866;#02 MERCEARIA - LATICINEOS;CREME DE MILHO SINHA 500GR;CREME DE MILHO SINHA 500G;#02 MERCEARIA - FARINHAS E DERIVADOS
246974;#02 MERCEARIA - LATICINEOS;IOGURTE DANONE 1250GR COCO;IOGURTE DANONE 1250G COCO;#02 MERCEARIA - LATICÍNIOS
246975;#02 MERCEARIA - LATICINEOS;IOGURTE DANONE 1250GR MORANGO;IOGURTE DANONE 1250G MORANGO;#02 MERCEARIA - LATICÍNIOS
246976;#02 MERCEARIA - LATICINEOS;IOGURTE DANONE 1250GR VITAINA DE FRUTAS;IOGURTE DANONE 1250G VITAMINA DE FRUTAS;#02 MERCEARIA - LATICÍNIOS
231849;#02 MERCEARIA - LATICINEOS;IOG FLAMB. MORANGO FAMILIA GF 1,250 KG;IOGURTE FLAMBOYANT 1,25KG MORANGO FAMILIA;#02 MERCEARIA - LATICÍNIOS
245822;#02 MERCEARIA - LATICINEOS;LEITE CONDENSADO CCGL 395GR SEMIDESNATAD;LEITE CONDENSADO CCGL 395G SEMIDESNATADO;#02 MERCEARIA - LATICÍNIOS
108434;#02 MERCEARIA - LATICINEOS;LEITE CONDENSADO ITALAC 395GR SEMIDESNAT;LEITE CONDENSADO ITALAC 395G SEMIDESNATADO;#02 MERCEARIA - LATICÍNIOS
155080;#02 MERCEARIA - LATICINEOS;LEITE CONDENSADO LEITBOM TP 395G;LEITE CONDENSADO LEITBOM 395G;#02 MERCEARIA - LATICÍNIOS
113183;#02 MERCEARIA - LATICINEOS;LEITE COND MARAJOARA 395GR SEMIDESNATADO;LEITE CONDENSADO MARAJOARA 395G SEMIDESNATADO;#02 MERCEARIA - LATICÍNIOS
101085;#02 MERCEARIA - LATICINEOS;LEITE CONDENSADO MOCOCA 395GR. TP;LEITE CONDENSADO MOCOCA 395G;#02 MERCEARIA - LATICÍNIOS
220451;#02 MERCEARIA - LATICINEOS;LEITE COND. TRIANGULO 395G TP SEMI;LEITE CONDENSADO TRIANGULO 395G TP SEMIDESNATADO;#02 MERCEARIA - LATICÍNIOS
231627;#02 MERCEARIA - LATICINEOS;LEITE EM PÓ INTEGRAL CAMPONESA 1KG;LEITE EM PÓ CAMPONESA 1KG INTEGRAL;#02 MERCEARIA - LATICÍNIOS
106922;#02 MERCEARIA - LATICINEOS;LEITE EM PÓ CCGL INTEGRAL 1KG;LEITE EM PÓ CCGL 1KG INTEGRAL;#02 MERCEARIA - LATICÍNIOS
174382;#02 MERCEARIA - LATICINEOS;LEITE EM PÓ INTEGRAL 1 KG ITALAC;LEITE EM PÓ ITALAC 1KG INTEGRAL;#02 MERCEARIA - LATICÍNIOS
307145;#02 MERCEARIA - LATICINEOS;LEITE EM PÓ NINHO 380GR INTEGRAL INSTANTANE;LEITE EM PÓ NINHO 380G INTEGRAL INSTANTANEO;#02 MERCEARIA - LATICÍNIOS
142446;#02 MERCEARIA - LATICINEOS;LEITE ITALAC INTEGRAL 1L ;LEITE ITALAC 1L INTEGRAL;#02 MERCEARIA - LATICÍNIOS
297030;#02 MERCEARIA - LATICINEOS;LEITE ITALAC 1L DESNATADO ZERO LACTOSE;LEITE ITALAC DESNATADO ZERO LACTOSE 1L;#02 MERCEARIA - LATICÍNIOS
219003;#02 MERCEARIA - LATICINEOS;LEITE UHT INTEGRAL ZERO LACTOSE C/TAMPA;LEITE ITALAC INTEGRAL ZERO LACTOSE 1L;#02 MERCEARIA - LATICÍNIOS
173095;#02 MERCEARIA - LATICINEOS;LEITE ITALAC 1L SEMIDESNAT. ZERO LACTOSE;LEITE ITALAC SEMIDESNATADO ZERO LACTOSE 1L;#02 MERCEARIA - LATICÍNIOS
183340;#02 MERCEARIA - LATICINEOS;LEITE UHT ITALAC SEMI DESNATADO 1L;LEITE ITALAC UHT SEMI DESNATADO 1L;#02 MERCEARIA - LATICÍNIOS
170363;#02 MERCEARIA - LATICINEOS;LEITE L.VIDA LEITBOM INTEGRAL;LEITE LEITBOM 1L INTEGRAL;#02 MERCEARIA - LATICÍNIOS
101113;#02 MERCEARIA - LATICINEOS;LEITE PIRACANJUBA UHT 1L EDGE INTEGRAL;LEITE PIRACANJUBA 1L INTEGRAL;#02 MERCEARIA - LATICÍNIOS
251877;#02 MERCEARIA - LATICINEOS;LEITE PO NINHO INTEGRAL LT 380G;LEITE PO NINHO LATA 380G INTEGRAL;#02 MERCEARIA - LATICÍNIOS
252582;#02 MERCEARIA - LATICINEOS;QUEIJO MUSSARELA THETIZ KG;QUEIJO MUSSARELA THETIZ KG;#02 MERCEARIA - LATICÍNIOS
155246;#02 MERCEARIA - LATICINEOS;REQUEIJÃO CREMOSO CANTO DE MINAS 200GR T;REQUEIJÃO CANTO DE MINAS 200G CREMOSO TRADICIONAL;#02 MERCEARIA - LATICÍNIOS
302944;#02 MERCEARIA - LATICINEOS;REQUEIJÃO FRUTAP 175GR MISTURA DE AMIDO;REQUEIJÃO DE FRUTAP 175G MISTURA DE AMIDO;#02 MERCEARIA - LATICÍNIOS
101874;#02 MERCEARIA - LATICINEOS;ACHOC LIQ TODDYNHO 200ML CHOCOLATE;TODDYNHO 200ML CHOCOLATE;#02 MERCEARIA - LATICÍNIOS
321318;#02 MERCEARIA - MASSAS;NISSIN CUP NOODLES 68GR QUEIJO NACHO;CUP NOODLES NISSIN 68G QUEIJO NACHO;#02 MERCEARIA - MASSAS INSTANTÂNEAS
206111;#02 MERCEARIA - MASSAS;CUP NOODLES NISSIN 69G CARNE DEFUMADA;CUP NOODLES NISSIN 69G CARNE DEFUMADA;#02 MERCEARIA - MASSAS INSTANTÂNEAS
206110;#02 MERCEARIA - MASSAS;CUP NOODLES NISSIN 69G COST. C/ MOLHO DE;CUP NOODLES NISSIN 69G COSTELA COM MOLHO DE CHURRASCO;#02 MERCEARIA - MASSAS INSTANTÂNEAS
206455;#02 MERCEARIA - MASSAS;CUP NOODLES NISSIN 69G GALINHA CAIPIRA N;CUP NOODLES NISSIN 69G GALINHA CAIPIRA;#02 MERCEARIA - MASSAS INSTANTÂNEAS
206966;#02 MERCEARIA - MASSAS;CUP NOODLES NISSIN 69G GALI CAIP PICN NO;CUP NOODLES NISSIN 69G GALINHA CAIPIRA PICANTE;#02 MERCEARIA - MASSAS INSTANTÂNEAS
206109;#02 MERCEARIA - MASSAS;CUP NOODLES NISSIN 69G QUEIJIO CHEDDAR;CUP NOODLES NISSIN 69G QUEIJIO CHEDDAR;#02 MERCEARIA - MASSAS INSTANTÂNEAS
148436;#02 MERCEARIA - MASSAS;CUP NOODLES NISSIN 69GR BOLONHESA;CUP NOODLES NISSIN 69GR BOLONHESA;#02 MERCEARIA - MASSAS INSTANTÂNEAS
210277;#02 MERCEARIA - MASSAS;NISSIN CUP NOODLES FRANGO TERIYAKI 72G;CUP NOODLES NISSIN 72G FRANGO TERIYAKI;#02 MERCEARIA - MASSAS INSTANTÂNEAS
125011;#02 MERCEARIA - MASSAS;MAC CRISTAL PARAFUSO OVOS 500GR;MACARRÃO CRISTAL 500G PARAFUSO COM OVOS;#02 MERCEARIA - MASSAS
290255;#02 MERCEARIA - MASSAS;MACARRÃO CRISTAL 500GR SEMOLA ESPAGUETE;MACARRÃO CRISTAL 500G SEMOLA ESPAGUETE;#02 MERCEARIA - MASSAS
106790;#02 MERCEARIA - MASSAS;MAC CRISTAL SEMOLA PADRE NOSSO 500GR;MACARRÃO CRISTAL 500G SEMOLA PADRE NOSSO;#02 MERCEARIA - MASSAS
108415;#02 MERCEARIA - MASSAS;MAC CRISTAL 500G SEMOLA PARAFUSO;MACARRÃO CRISTAL 500G SEMOLA PARAFUSO;#02 MERCEARIA - MASSAS
201645;#02 MERCEARIA - MASSAS;MAC ARROZ URBANO ESPAGUETE 500GR ZERO G;MACARRÃO DE ARROZ URBANO 500G ZERO GLUTEN ESPAGUETE;#02 MERCEARIA - MASSAS
246524;#02 MERCEARIA - MASSAS;MAC ARROZ URBANO TALHARIM 500G ZERO GLUT;MACARRÃO DE ARROZ URBANO 500G ZERO GLUTEN TALHARIM;#02 MERCEARIA - MASSAS
303196;#02 MERCEARIA - MASSAS;MACARRÃO ESPAGUETE GALO 400GR AMARELO;MACARRÃO GALO 400G ESPAGUETE AMARELO;#02 MERCEARIA - MASSAS
194449;#02 MERCEARIA - MASSAS;MACARRÃO GALO 500GR AZUL PARAFUSO;MACARRÃO GALO 500G AZUL PARAFUSO;#02 MERCEARIA - MASSAS
131884;#02 MERCEARIA - MASSAS;MACARRÃO SELMI GALO ESPAGUETE 8 500GR VE;MACARRÃO GALO 500G ESPAGUETE VERMELHO Nº8;#02 MERCEARIA - MASSAS
225446;#02 MERCEARIA - MASSAS;NISSIN LAMEN SUAVE CANJA DE GALINHA 75G;MACARRÃO INSTANTANEO NISSIM LAMEN 75G CANJA DE GALINHA;#02 MERCEARIA - MASSAS INSTANTÂNEAS
309236;#02 MERCEARIA - MASSAS;MACARRÃO INSTANTANEO NISSIM LAMEN 75GR SUAVE CAIPIRA;MACARRÃO INSTANTANEO NISSIM LAMEN 75G SUAVE GALINHA CAIPIRA;#02 MERCEARIA - MASSAS INSTANTÂNEAS
312924;#02 MERCEARIA - MASSAS;MACARRÃO INST. NISSIN 80GR SABOR OMELETE;MACARRÃO INSTANTANEO NISSIM LAMEN 80G OMELETE COM PRESUNTO E QUEIJO;#02 MERCEARIA - MASSAS INSTANTÂNEAS
312925;#02 MERCEARIA - MASSAS;MACARRÃO INST. NISSIN 80GR SABOR PAO NA;MACARRÃO INSTANTANEO NISSIM LAMEN 80G PÃO NA CHAPA COM MANTEIGA;#02 MERCEARIA - MASSAS INSTANTÂNEAS
108410;#02 MERCEARIA - MASSAS;MACARRÃO INSTANTANEO NISSIM LAMEN 85GBACON;MACARRÃO INSTANTANEO NISSIM LAMEN 85G BACON;#02 MERCEARIA - MASSAS INSTANTÂNEAS
224050;#02 MERCEARIA - MASSAS;MACARRÃO INSTANTANEO NISSIM LAMEN 85GCAMARAO C/ALH;MACARRÃO INSTANTANEO NISSIM LAMEN 85G CAMARAO COM ALHO;#02 MERCEARIA - MASSAS INSTANTÂNEAS
108460;#02 MERCEARIA - MASSAS;MACARRÃO INSTANTANEO NISSIM LAMEN 85GCARNE;MACARRÃO INSTANTANEO NISSIM LAMEN 85G CARNE;#02 MERCEARIA - MASSAS INSTANTÂNEAS
317541;#02 MERCEARIA - MASSAS;NISSIN LAMEN MISTERIOJO 85GCARNE;MACARRÃO INSTANTANEO NISSIM LAMEN 85G CARNE;#02 MERCEARIA - MASSAS INSTANTÂNEAS
101780;#02 MERCEARIA - MASSAS;MACARRÃO INSTANTANEO NISSIM LAMEN 85GCARNE TOMATE;MACARRÃO INSTANTANEO NISSIM LAMEN 85G CARNE COM TOMATE;#02 MERCEARIA - MASSAS INSTANTÂNEAS
194705;#02 MERCEARIA - MASSAS;MACARRÃO INSTANTANEO NISSIM LAMEN 85GCOSTELA;MACARRÃO INSTANTANEO NISSIM LAMEN 85G COSTELA;#02 MERCEARIA - MASSAS INSTANTÂNEAS
111186;#02 MERCEARIA - MASSAS;MACARRÃO INSTANTANEO NISSIM LAMEN 85GFGO ASSADO C/;MACARRÃO INSTANTANEO NISSIM LAMEN 85G FRANGO ASSADO COM LIMÃO;#02 MERCEARIA - MASSAS INSTANTÂNEAS
101779;#02 MERCEARIA - MASSAS;MACARRÃO INSTANTANEO NISSIM LAMEN 85GGALINHA;MACARRÃO INSTANTANEO NISSIM LAMEN 85G GALINHA;#02 MERCEARIA - MASSAS INSTANTÂNEAS
101778;#02 MERCEARIA - MASSAS;MACARRÃO INSTANTANEO NISSIM LAMEN 85GGALINHA CAIPI;MACARRÃO INSTANTANEO NISSIM LAMEN 85G GALINHA CAIPIRA;#02 MERCEARIA - MASSAS INSTANTÂNEAS
101774;#02 MERCEARIA - MASSAS;NISSIN LAMEN HOT 85GCALABRESA;MACARRÃO INSTANTANEO NISSIM LAMEN 85G HOT CALABRESA;#02 MERCEARIA - MASSAS INSTANTÂNEAS
215081;#02 MERCEARIA - MASSAS;LAMEN NISSIN HOT 85GCARNE DESFIADA C/;MACARRÃO INSTANTANEO NISSIM LAMEN 85G HOT CARNE DESFIADA;#02 MERCEARIA - MASSAS INSTANTÂNEAS
101775;#02 MERCEARIA - MASSAS;NISSIN LAMEN HOT 85GMEXICANO;MACARRÃO INSTANTANEO NISSIM LAMEN 85G HOT MEXICANO;#02 MERCEARIA - MASSAS INSTANTÂNEAS
101776;#02 MERCEARIA - MASSAS;MACARRÃO INSTANTANEO NISSIM LAMEN 85GLEGUMES;MACARRÃO INSTANTANEO NISSIM LAMEN 85G LEGUMES;#02 MERCEARIA - MASSAS INSTANTÂNEAS
113723;#02 MERCEARIA - MASSAS;MACARRÃO INSTANTANEO NISSIM LAMEN 85GPICANHA;MACARRÃO INSTANTANEO NISSIM LAMEN 85G PICANHA;#02 MERCEARIA - MASSAS INSTANTÂNEAS
294326;#02 MERCEARIA - MASSAS;MACARRÃO INST. NISSIN 85GSABOR GALINHA;MACARRÃO INSTANTANEO NISSIM LAMEN 85G SABOR GALINHA PICANTE;#02 MERCEARIA - MASSAS INSTANTÂNEAS
119768;#02 MERCEARIA - MASSAS;NISSIN LAMEN T MONICA SUAVE 85GCARNE;MACARRÃO INSTANTANEO NISSIM LAMEN 85G TURMA DA MONICA SUAVE CARNE;#02 MERCEARIA - MASSAS INSTANTÂNEAS
101786;#02 MERCEARIA - MASSAS;NISSIN LAMEN T MONICA SUAVE 85GGALINHA;MACARRÃO INSTANTANEO NISSIM LAMEN 85G TURMA DA MONICA SUAVE GALINHA;#02 MERCEARIA - MASSAS INSTANTÂNEAS
101785;#02 MERCEARIA - MASSAS;NISSIN LAMEN T MONICA SUAVE 85GTOMATE;MACARRÃO INSTANTANEO NISSIM LAMEN 85G TURMA DA MONICA SUAVE TOMATE;#02 MERCEARIA - MASSAS INSTANTÂNEAS
297030;#02 MERCEARIA - LATICINEOS;LEITE ITALAC 1L DESNATADO ZERO LACTOSE;LEITE ITALAC DESNATADO ZERO LACTOSE 1L;#02 MERCEARIA - LATICÍNIOS
219003;#02 MERCEARIA - LATICINEOS;LEITE UHT INTEGRAL ZERO LACTOSE C/TAMPA;LEITE ITALAC INTEGRAL ZERO LACTOSE 1L;#02 MERCEARIA - LATICÍNIOS
173095;#02 MERCEARIA - LATICINEOS;LEITE ITALAC 1L SEMIDESNAT. ZERO LACTOSE;LEITE ITALAC SEMIDESNATADO ZERO LACTOSE 1L;#02 MERCEARIA - LATICÍNIOS
183340;#02 MERCEARIA - LATICINEOS;LEITE UHT ITALAC SEMI DESNATADO 1L;LEITE ITALAC UHT SEMI DESNATADO 1L;#02 MERCEARIA - LATICÍNIOS
170363;#02 MERCEARIA - LATICINEOS;LEITE L.VIDA LEITBOM INTEGRAL;LEITE LEITBOM 1L INTEGRAL;#02 MERCEARIA - LATICÍNIOS
101113;#02 MERCEARIA - LATICINEOS;LEITE PIRACANJUBA UHT 1L EDGE INTEGRAL;LEITE PIRACANJUBA 1L INTEGRAL;#02 MERCEARIA - LATICÍNIOS
251877;#02 MERCEARIA - LATICINEOS;LEITE PO NINHO INTEGRAL LT 380G;LEITE PO NINHO LATA 380G INTEGRAL;#02 MERCEARIA - LATICÍNIOS
252582;#02 MERCEARIA - LATICINEOS;QUEIJO MUSSARELA THETIZ KG;QUEIJO MUSSARELA THETIZ KG;#02 MERCEARIA - LATICÍNIOS
155246;#02 MERCEARIA - LATICINEOS;REQUEIJÃO CREMOSO CANTO DE MINAS 200GR T;REQUEIJÃO CANTO DE MINAS 200G CREMOSO TRADICIONAL;#02 MERCEARIA - LATICÍNIOS
302944;#02 MERCEARIA - LATICINEOS;REQUEIJÃO FRUTAP 175GR MISTURA DE AMIDO;REQUEIJÃO DE FRUTAP 175G MISTURA DE AMIDO;#02 MERCEARIA - LATICÍNIOS
101874;#02 MERCEARIA - LATICINEOS;ACHOC LIQ TODDYNHO 200ML CHOCOLATE;TODDYNHO 200ML CHOCOLATE;#02 MERCEARIA - LATICÍNIOS
321318;#02 MERCEARIA - MASSAS;NISSIN CUP NOODLES 68GR QUEIJO NACHO;CUP NOODLES NISSIN 68G QUEIJO NACHO;#02 MERCEARIA - MASSAS INSTANTÂNEAS
206111;#02 MERCEARIA - MASSAS;CUP NOODLES NISSIN 69G CARNE DEFUMADA;CUP NOODLES NISSIN 69G CARNE DEFUMADA;#02 MERCEARIA - MASSAS INSTANTÂNEAS
206110;#02 MERCEARIA - MASSAS;CUP NOODLES NISSIN 69G COST. C/ MOLHO DE;CUP NOODLES NISSIN 69G COSTELA COM MOLHO DE CHURRASCO;#02 MERCEARIA - MASSAS INSTANTÂNEAS
206455;#02 MERCEARIA - MASSAS;CUP NOODLES NISSIN 69G GALINHA CAIPIRA N;CUP NOODLES NISSIN 69G GALINHA CAIPIRA;#02 MERCEARIA - MASSAS INSTANTÂNEAS
206966;#02 MERCEARIA - MASSAS;CUP NOODLES NISSIN 69G GALI CAIP PICN NO;CUP NOODLES NISSIN 69G GALINHA CAIPIRA PICANTE;#02 MERCEARIA - MASSAS INSTANTÂNEAS
206109;#02 MERCEARIA - MASSAS;CUP NOODLES NISSIN 69G QUEIJIO CHEDDAR;CUP NOODLES NISSIN 69G QUEIJIO CHEDDAR;#02 MERCEARIA - MASSAS INSTANTÂNEAS
148436;#02 MERCEARIA - MASSAS;CUP NOODLES NISSIN 69GR BOLONHESA;CUP NOODLES NISSIN 69GR BOLONHESA;#02 MERCEARIA - MASSAS INSTANTÂNEAS
210277;#02 MERCEARIA - MASSAS;NISSIN CUP NOODLES FRANGO TERIYAKI 72G;CUP NOODLES NISSIN 72G FRANGO TERIYAKI;#02 MERCEARIA - MASSAS INSTANTÂNEAS
125011;#02 MERCEARIA - MASSAS;MAC CRISTAL PARAFUSO OVOS 500GR;MACARRÃO CRISTAL 500G PARAFUSO COM OVOS;#02 MERCEARIA - MASSAS
290255;#02 MERCEARIA - MASSAS;MACARRÃO CRISTAL 500GR SEMOLA ESPAGUETE;MACARRÃO CRISTAL 500G SEMOLA ESPAGUETE;#02 MERCEARIA - MASSAS
106790;#02 MERCEARIA - MASSAS;MAC CRISTAL SEMOLA PADRE NOSSO 500GR;MACARRÃO CRISTAL 500G SEMOLA PADRE NOSSO;#02 MERCEARIA - MASSAS
108415;#02 MERCEARIA - MASSAS;MAC CRISTAL 500G SEMOLA PARAFUSO;MACARRÃO CRISTAL 500G SEMOLA PARAFUSO;#02 MERCEARIA - MASSAS
201645;#02 MERCEARIA - MASSAS;MAC ARROZ URBANO ESPAGUETE 500GR ZERO G;MACARRÃO DE ARROZ URBANO 500G ZERO GLUTEN ESPAGUETE;#02 MERCEARIA - MASSAS
246524;#02 MERCEARIA - MASSAS;MAC ARROZ URBANO TALHARIM 500G ZERO GLUT;MACARRÃO DE ARROZ URBANO 500G ZERO GLUTEN TALHARIM;#02 MERCEARIA - MASSAS
303196;#02 MERCEARIA - MASSAS;MACARRÃO ESPAGUETE GALO 400GR AMARELO;MACARRÃO GALO 400G ESPAGUETE AMARELO;#02 MERCEARIA - MASSAS
194449;#02 MERCEARIA - MASSAS;MACARRÃO GALO 500GR AZUL PARAFUSO;MACARRÃO GALO 500G AZUL PARAFUSO;#02 MERCEARIA - MASSAS
131884;#02 MERCEARIA - MASSAS;MACARRÃO SELMI GALO ESPAGUETE 8 500GR VE;MACARRÃO GALO 500G ESPAGUETE VERMELHO Nº8;#02 MERCEARIA - MASSAS
225446;#02 MERCEARIA - MASSAS;NISSIN LAMEN SUAVE CANJA DE GALINHA 75G;MACARRÃO INSTANTANEO NISSIM LAMEN 75G CANJA DE GALINHA;#02 MERCEARIA - MASSAS INSTANTÂNEAS
309236;#02 MERCEARIA - MASSAS;MACARRÃO INSTANTANEO NISSIM LAMEN 75GR SUAVE CAIPIRA;MACARRÃO INSTANTANEO NISSIM LAMEN 75G SUAVE GALINHA CAIPIRA;#02 MERCEARIA - MASSAS INSTANTÂNEAS
312924;#02 MERCEARIA - MASSAS;MACARRÃO INST. NISSIN 80GR SABOR OMELETE;MACARRÃO INSTANTANEO NISSIM LAMEN 80G OMELETE COM PRESUNTO E QUEIJO;#02 MERCEARIA - MASSAS INSTANTÂNEAS
312925;#02 MERCEARIA - MASSAS;MACARRÃO INST. NISSIN 80GR SABOR PAO NA;MACARRÃO INSTANTANEO NISSIM LAMEN 80G PÃO NA CHAPA COM MANTEIGA;#02 MERCEARIA - MASSAS INSTANTÂNEAS
108410;#02 MERCEARIA - MASSAS;MACARRÃO INSTANTANEO NISSIM LAMEN 85GBACON;MACARRÃO INSTANTANEO NISSIM LAMEN 85G BACON;#02 MERCEARIA - MASSAS INSTANTÂNEAS
224050;#02 MERCEARIA - MASSAS;MACARRÃO INSTANTANEO NISSIM LAMEN 85GCAMARAO C/ALH;MACARRÃO INSTANTANEO NISSIM LAMEN 85G CAMARAO COM ALHO;#02 MERCEARIA - MASSAS INSTANTÂNEAS
108460;#02 MERCEARIA - MASSAS;MACARRÃO INSTANTANEO NISSIM LAMEN 85GCARNE;MACARRÃO INSTANTANEO NISSIM LAMEN 85G CARNE;#02 MERCEARIA - MASSAS INSTANTÂNEAS
317541;#02 MERCEARIA - MASSAS;NISSIN LAMEN MISTERIOJO 85GCARNE;MACARRÃO INSTANTANEO NISSIM LAMEN 85G CARNE;#02 MERCEARIA - MASSAS INSTANTÂNEAS
101780;#02 MERCEARIA - MASSAS;MACARRÃO INSTANTANEO NISSIM LAMEN 85GCARNE TOMATE;MACARRÃO INSTANTANEO NISSIM LAMEN 85G CARNE COM TOMATE;#02 MERCEARIA - MASSAS INSTANTÂNEAS
194705;#02 MERCEARIA - MASSAS;MACARRÃO INSTANTANEO NISSIM LAMEN 85GCOSTELA;MACARRÃO INSTANTANEO NISSIM LAMEN 85G COSTELA;#02 MERCEARIA - MASSAS INSTANTÂNEAS
111186;#02 MERCEARIA - MASSAS;MACARRÃO INSTANTANEO NISSIM LAMEN 85GFGO ASSADO C/;MACARRÃO INSTANTANEO NISSIM LAMEN 85G FRANGO ASSADO COM LIMÃO;#02 MERCEARIA - MASSAS INSTANTÂNEAS
101779;#02 MERCEARIA - MASSAS;MACARRÃO INSTANTANEO NISSIM LAMEN 85GGALINHA;MACARRÃO INSTANTANEO NISSIM LAMEN 85G GALINHA;#02 MERCEARIA - MASSAS INSTANTÂNEAS
101778;#02 MERCEARIA - MASSAS;MACARRÃO INSTANTANEO NISSIM LAMEN 85GGALINHA CAIPI;MACARRÃO INSTANTANEO NISSIM LAMEN 85G GALINHA CAIPIRA;#02 MERCEARIA - MASSAS INSTANTÂNEAS
101774;#02 MERCEARIA - MASSAS;NISSIN LAMEN HOT 85GCALABRESA;MACARRÃO INSTANTANEO NISSIM LAMEN 85G HOT CALABRESA;#02 MERCEARIA - MASSAS INSTANTÂNEAS
215081;#02 MERCEARIA - MASSAS;LAMEN NISSIN HOT 85GCARNE DESFIADA C/;MACARRÃO INSTANTANEO NISSIM LAMEN 85G HOT CARNE DESFIADA;#02 MERCEARIA - MASSAS INSTANTÂNEAS
101775;#02 MERCEARIA - MASSAS;NISSIN LAMEN HOT 85GMEXICANO;MACARRÃO INSTANTANEO NISSIM LAMEN 85G HOT MEXICANO;#02 MERCEARIA - MASSAS INSTANTÂNEAS
101776;#02 MERCEARIA - MASSAS;MACARRÃO INSTANTANEO NISSIM LAMEN 85GLEGUMES;MACARRÃO INSTANTANEO NISSIM LAMEN 85G LEGUMES;#02 MERCEARIA - MASSAS INSTANTÂNEAS
113723;#02 MERCEARIA - MASSAS;MACARRÃO INSTANTANEO NISSIM LAMEN 85GPICANHA;MACARRÃO INSTANTANEO NISSIM LAMEN 85G PICANHA;#02 MERCEARIA - MASSAS INSTANTÂNEAS
294326;#02 MERCEARIA - MASSAS;MACARRÃO INST. NISSIN 85GSABOR GALINHA;MACARRÃO INSTANTANEO NISSIM LAMEN 85G SABOR GALINHA PICANTE;#02 MERCEARIA - MASSAS INSTANTÂNEAS
119768;#02 MERCEARIA - MASSAS;NISSIN LAMEN T MONICA SUAVE 85GCARNE;MACARRÃO INSTANTANEO NISSIM LAMEN 85G TURMA DA MONICA SUAVE CARNE;#02 MERCEARIA - MASSAS INSTANTÂNEAS
101786;#02 MERCEARIA - MASSAS;NISSIN LAMEN T MONICA SUAVE 85GGALINHA;MACARRÃO INSTANTANEO NISSIM LAMEN 85G TURMA DA MONICA SUAVE GALINHA;#02 MERCEARIA - MASSAS INSTANTÂNEAS
101785;#02 MERCEARIA - MASSAS;NISSIN LAMEN T MONICA SUAVE 85GTOMATE;MACARRÃO INSTANTANEO NISSIM LAMEN 85G TURMA DA MONICA SUAVE TOMATE;#02 MERCEARIA - MASSAS INSTANTÂNEAS
230170;#02 MERCEARIA - MASSAS;NISSIN TURMA DO CHIC BENTO CALDO DE FEIJ;MACARRÃO INSTANTANEO NISSIM LAMEN 85G TURMA DO CHICO BENTO CALDO DE FEIJÃO;#02 MERCEARIA - MASSAS INSTANTÂNEAS
101772;#02 MERCEARIA - MASSAS;NISSIN LAMEN CREMOSO 88GR FRANGO CREMOSO;MACARRÃO INSTANTANEO NISSIM LAMEN 88G CREMOSO FRANGO;#02 MERCEARIA - MASSAS INSTANTÂNEAS
237471;#02 MERCEARIA - MASSAS;MACARRÃO INSTANTANEO SANDELLA INFANTIL FRANGO 74G;MACARRÃO INSTANTANEO SANDELLA 74G INFANTIL FRANGO;#02 MERCEARIA - MASSAS INSTANTÂNEAS
101787;#02 MERCEARIA - MASSAS;MACARRÃO INSTANTANEO SANDELLA 85G CALABRESA PICANT;MACARRÃO INSTANTANEO SANDELLA 85G CALABRESA PICANTE;#02 MERCEARIA - MASSAS INSTANTÂNEAS
108412;#02 MERCEARIA - MASSAS;MACARRÃO INSTANTANEO SANDELLA 85GCARNE;MACARRÃO INSTANTANEO SANDELLA 85G CARNE;#02 MERCEARIA - MASSAS INSTANTÂNEAS
220429;#02 MERCEARIA - MASSAS;MACARRÃO INSTANTANEO SANDELLA CARNE COM PIMENTA 85 G;MACARRÃO INSTANTANEO SANDELLA 85G CARNE COM PIMENTA;#02 MERCEARIA - MASSAS INSTANTÂNEAS
101791;#02 MERCEARIA - MASSAS;MACARRÃO INSTANTANEO SANDELLA 85G CARNE TOMATE;MACARRÃO INSTANTANEO SANDELLA 85G CARNE TOMATE;#02 MERCEARIA - MASSAS INSTANTÂNEAS
101789;#02 MERCEARIA - MASSAS;MACARRÃO INSTANTANEO SANDELLA 85G GALINHA;MACARRÃO INSTANTANEO SANDELLA 85G GALINHA;#02 MERCEARIA - MASSAS INSTANTÂNEAS
101788;#02 MERCEARIA - MASSAS;MACARRÃO INSTANTANEO SANDELLA 85G GALINHA CAIP PIM;MACARRÃO INSTANTANEO SANDELLA 85G GALINHA CAIPIRA APIMENTADA;#02 MERCEARIA - MASSAS INSTANTÂNEAS
100642;#02 MERCEARIA - MASSAS;MAC PAULISTA ESPAGUETE 500GR SEMOLA;MACARRÃO PAULISTA 500G SEMOLA ESPAGUETE;#02 MERCEARIA - MASSAS
274807;#02 MERCEARIA - MASSAS;MACARRÃO RICOSA ESPAGUETE 400GR COMUM;MACARRÃO RICOSA 400G ESPAGUETE COMUM;#02 MERCEARIA - MASSAS
288968;#02 MERCEARIA - MASSAS;MACARRÃO SAFRA PARAFUSO 500G SEMOLA;MACARRÃO SAFRA 500G PARAFUSO SEMOLA;#02 MERCEARIA - MASSAS
309331;#02 MERCEARIA - MASSAS;MASSA PASTEL JK 500GR DISCAO;MASSA DE PASTEL JK 500G DISCAO;#02 MERCEARIA - MASSAS
309332;#02 MERCEARIA - MASSAS;MASSA PASTEL JK 500GR ROLO;MASSA DE PASTEL JK 500G ROLO;#02 MERCEARIA - MASSAS
108414;#02 MERCEARIA - MASSAS;MASSA LASANHA CRISTAL 500G;MASSA PARA LASANHA CRISTAL 500G;#02 MERCEARIA - MASSAS
319774;#02 MERCEARIA - MASSAS;MINI PASTEIS CONGELADOS RODEIO 500GR CAR;MINI PASTEIS RODEIO 500G CONGELADOS CARNE;#02 MERCEARIA - CONGELADOS
319773;#02 MERCEARIA - MASSAS;MINI PASTEIS CONGELADOS RODEIO 500GR FRA;MINI PASTEIS RODEIO 500G CONGELADOS FRANGO;#02 MERCEARIA - CONGELADOS
319775;#02 MERCEARIA - MASSAS;MINI PASTEIS CONGELADOS RODEIO 500GR QUE;MINI PASTEIS RODEIO 500G CONGELADOS QUEIJO;#02 MERCEARIA - CONGELADOS
232950;#02 MERCEARIA - SUCOS;REFRESCO EM PÓ MID 20G ABACAXI UNID;REFRESCO EM PÓ MID 20G ABACAXI;#02 MERCEARIA - REFRESCOS EM PÓ
232952;#02 MERCEARIA - SUCOS;REFRESCO EM PÓ MID 20G CAJU UN;REFRESCO EM PÓ MID 20G CAJU;#02 MERCEARIA - REFRESCOS EM PÓ
232949;#02 MERCEARIA - SUCOS;REFRESCO EM PÓ MID 20G GOIABA UN;REFRESCO EM PÓ MID 20G GOIABA;#02 MERCEARIA - REFRESCOS EM PÓ
232948;#02 MERCEARIA - SUCOS;REFRESCO EM PÓ MID GRAVIOLA 20G;REFRESCO EM PÓ MID 20G GRAVIOLA;#02 MERCEARIA - REFRESCOS EM PÓ
232412;#02 MERCEARIA - SUCOS;REFRESCO EM PÓ MID 20G GROSELHA UN;REFRESCO EM PÓ MID 20G GROSELHA;#02 MERCEARIA - REFRESCOS EM PÓ
237682;#02 MERCEARIA - SUCOS;REFRESCO EM PÓ MID 20G GUARANA UN;REFRESCO EM PÓ MID 20G GUARANA;#02 MERCEARIA - REFRESCOS EM PÓ
232411;#02 MERCEARIA - SUCOS;REFRESCO EM PÓ MID LARANJA 20G;REFRESCO EM PÓ MID 20G LARANJA;#02 MERCEARIA - REFRESCOS EM PÓ
232947;#02 MERCEARIA - SUCOS;REFRESCO EM PÓ MID LARANJA DOCE 20G;REFRESCO EM PÓ MID 20G LARANJA DOCE;#02 MERCEARIA - REFRESCOS EM PÓ
232946;#02 MERCEARIA - SUCOS;REFRESCO EM PÓ MID 20G LIMAO UN;REFRESCO EM PÓ MID 20G LIMÃO;#02 MERCEARIA - REFRESCOS EM PÓ
232945;#02 MERCEARIA - SUCOS;REFRESCO EM PÓ MID LIMONADA SUIC 20G;REFRESCO EM PÓ MID 20G LIMONADA SUÍÇA;#02 MERCEARIA - REFRESCOS EM PÓ
290763;#02 MERCEARIA - SUCOS;REFRESCO EM PÓ MID 20G MANGA UN;REFRESCO EM PÓ MID 20G MANGA;#02 MERCEARIA - REFRESCOS EM PÓ
232410;#02 MERCEARIA - SUCOS;REFRESCO EM PÓ MID 20G MARACUJA UN;REFRESCO EM PÓ MID 20G MARACUJA;#02 MERCEARIA - REFRESCOS EM PÓ
232944;#02 MERCEARIA - SUCOS;REFRESCO EM PÓ MID 20G MORANGO UN;REFRESCO EM PÓ MID 20G MORANGO;#02 MERCEARIA - REFRESCOS EM PÓ
232409;#02 MERCEARIA - SUCOS;REFRESCO EM PÓ MID TANGERINA 20G;REFRESCO EM PÓ MID 20G TANGERINA;#02 MERCEARIA - REFRESCOS EM PÓ
232951;#02 MERCEARIA - SUCOS;REFRESCO EM PÓ MID 20G UVA UN;REFRESCO EM PÓ MID 20G UVA;#02 MERCEARIA - REFRESCOS EM PÓ
125775;#02 MERCEARIA - SUCOS;REFRESCO EM PÓ MID 25GR JABUTICABA;REFRESCO EM PÓ MID 25G JABUTICABA;#02 MERCEARIA - REFRESCOS EM PÓ
112293;#02 MERCEARIA - SUCOS;REFRESCO EM PÓ REFRESKANT 20G ABACAXI;REFRESCO EM PÓ REFRESKANT 20G ABACAXI;#02 MERCEARIA - REFRESCOS EM PÓ
109950;#02 MERCEARIA - SUCOS;REFRESCO EM PÓ REFRESKANT 20G CASEIRO/LAR;REFRESCO EM PÓ REFRESKANT 20G CASEIRO LARANJA;#02 MERCEARIA - REFRESCOS EM PÓ
101732;#02 MERCEARIA - SUCOS;REFRESCO EM PÓ REFRESKANT 20G GOIABA;REFRESCO EM PÓ REFRESKANT 20G GOIABA;#02 MERCEARIA - REFRESCOS EM PÓ
101736;#02 MERCEARIA - SUCOS;REFRESCO EM PÓ REFRESKANT 20G LARANJA;REFRESCO EM PÓ REFRESKANT 20G LARANJA;#02 MERCEARIA - REFRESCOS EM PÓ
112327;#02 MERCEARIA - SUCOS;REFRESCO EM PÓ REFRESKANT 20G LIMAO;REFRESCO EM PÓ REFRESKANT 20G LIMAO;#02 MERCEARIA - REFRESCOS EM PÓ
101734;#02 MERCEARIA - SUCOS;REFRESCO EM PÓ REFRESKANT 20G MANGA;REFRESCO EM PÓ REFRESKANT 20G MANGA;#02 MERCEARIA - REFRESCOS EM PÓ
101733;#02 MERCEARIA - SUCOS;REFRESCO EM PÓ REFRESKANT 20G MARACUJA;REFRESCO EM PÓ REFRESKANT 20G MARACUJA;#02 MERCEARIA - REFRESCOS EM PÓ
108277;#02 MERCEARIA - SUCOS;REFRESCO EM PÓ REFRESKANT 20G MORANGO;REFRESCO EM PÓ REFRESKANT 20G MORANGO;#02 MERCEARIA - REFRESCOS EM PÓ
108276;#02 MERCEARIA - SUCOS;REFRESCO EM PÓ REFRESKANT 20G SALADA FRUTA;REFRESCO EM PÓ REFRESKANT 20G SALADA FRUTA;#02 MERCEARIA - REFRESCOS EM PÓ
101731;#02 MERCEARIA - SUCOS;REFRESCO EM PÓ REFRESKANT 20G UVA;REFRESCO EM PÓ REFRESKANT 20G UVA;#02 MERCEARIA - REFRESCOS EM PÓ
207638;#03 LIMPEZA - AGUA SANITARIA;AGUA SANITARIA LAVABEM 1LT;AGUA SANITARIA LAVABEM 1L;#03 LIMPEZA - ALVEJANTES E ÁGUA SANITÁRIA
207640;#03 LIMPEZA - AGUA SANITARIA;AGUA SANITARIA LAVABEM 2L;AGUA SANITARIA LAVABEM 2L;#03 LIMPEZA - ALVEJANTES E ÁGUA SANITÁRIA
100426;#03 LIMPEZA - AGUA SANITARIA;AGUA SANIT QBOA 1L MULTIPLO USO;AGUA SANITARIA QBOA 1L;#03 LIMPEZA - ALVEJANTES E ÁGUA SANITÁRIA
100431;#03 LIMPEZA - AGUA SANITARIA;AGUA SANIT QBOA 2L MULTI USO;AGUA SANITARIA QBOA 2L;#03 LIMPEZA - ALVEJANTES E ÁGUA SANITÁRIA
107878;#03 LIMPEZA - AGUA SANITARIA;AGUA SANITARIA YPÊ 1L CLORO ATIVO;AGUA SANITARIA YPÊ 1L CLORO ATIVO;#03 LIMPEZA - ALVEJANTES E ÁGUA SANITÁRIA
100316;#03 LIMPEZA - DESINFECÇÃO;DESINFETANTE +FAMILIA 2LT EUCALIPTO;DESINFETANTE +FAMILIA 2L EUCALIPTO;#03 LIMPEZA - DESINFETANTES
214065;#03 LIMPEZA - DESINFECÇÃO;DESINFETANTE +FAMILIA 2L FLORAL;DESINFETANTE +FAMILIA 2L FLORAL;#03 LIMPEZA - DESINFETANTES
107851;#03 LIMPEZA - DESINFECÇÃO;DESINFETANTE +FAMILIA 2L HERBAL;DESINFETANTE +FAMILIA 2L HERBAL;#03 LIMPEZA - DESINFETANTES
109602;#03 LIMPEZA - DESINFECÇÃO;DESINFETANTE +FAMILIA 2L LAVANDA;DESINFETANTE +FAMILIA 2L LAVANDA;#03 LIMPEZA - DESINFETANTES
100315;#03 LIMPEZA - DESINFECÇÃO;DESINFETANTE +FAMILIA 2LT PINHO;DESINFETANTE +FAMILIA 2L PINHO;#03 LIMPEZA - DESINFETANTES
247502;#03 LIMPEZA - DESINFECÇÃO;DESINFETANTE +FAMILIA 5LT LAVANDA;DESINFETANTE +FAMILIA 5L LAVANDA;#03 LIMPEZA - DESINFETANTES
186012;#03 LIMPEZA - DESINFECÇÃO;DESINFETANTE AZULIM 1L LAVANDA;DESINFETANTE AZULIM 1L LAVANDA;#03 LIMPEZA - DESINFETANTES
112179;#03 LIMPEZA - DESINFECÇÃO;DESINFETANTE AZULIM START 1L ABSOLUTE;DESINFETANTE AZULIM START 1L ABSOLUTE;#03 LIMPEZA - DESINFETANTES
106547;#03 LIMPEZA - DESINFECÇÃO;DESINFETANTE AZULIM START 1L ERVA DOCE;DESINFETANTE AZULIM START 1L ERVA DOCE;#03 LIMPEZA - DESINFETANTES
106548;#03 LIMPEZA - DESINFECÇÃO;DESINFETANTE AZULIM START 1L FLORATA;DESINFETANTE AZULIM START 1L FLORATA;#03 LIMPEZA - DESINFETANTES
106546;#03 LIMPEZA - DESINFECÇÃO;DESINFETANTE AZULIM START 1L MARINER;DESINFETANTE AZULIM START 1L MARINER;#03 LIMPEZA - DESINFETANTES
106545;#03 LIMPEZA - DESINFECÇÃO;DESINFETANTE AZULIM START 1L NEON;DESINFETANTE AZULIM START 1L NEON;#03 LIMPEZA - DESINFETANTES
107673;#03 LIMPEZA - DESINFECÇÃO;DESINFETANTE AZULIM START 1L WAVE;DESINFETANTE AZULIM START 1L WAVE;#03 LIMPEZA - DESINFETANTES
259583;#03 LIMPEZA - DESINFECÇÃO;DESINFETANTE LAVABEM 2L ERVA DOCE;DESINFETANTE LAVABEM 2L ERVA DOCE;#03 LIMPEZA - DESINFETANTES
207624;#03 LIMPEZA - DESINFECÇÃO;DESINFETANTE LAVABEM 2LTS FLORAL;DESINFETANTE LAVABEM 2L FLORAL;#03 LIMPEZA - DESINFETANTES
207626;#03 LIMPEZA - DESINFECÇÃO;DESINFETANTE LAVABEM 2LTS JASMIN;DESINFETANTE LAVABEM 2L JASMIN;#03 LIMPEZA - DESINFETANTES
207628;#03 LIMPEZA - DESINFECÇÃO;DESINFETANTE LAVABEM 2LTS LAVANDA;DESINFETANTE LAVABEM 2L LAVANDA;#03 LIMPEZA - DESINFETANTES
207630;#03 LIMPEZA - DESINFECÇÃO;DESINFETANTE LAVABEM 2LTS LIMAO;DESINFETANTE LAVABEM 2L LIMAO;#03 LIMPEZA - DESINFETANTES
100275;#03 LIMPEZA - DESINFECÇÃO;DESINFETANTE POLITRIZ 1,75LT ALFAZEMA;DESINFETANTE POLITRIZ 1,75L ALFAZEMA;#03 LIMPEZA - DESINFETANTES
110507;#03 LIMPEZA - DESINFECÇÃO;DESINFETANTE POLITRIZ 1,75L EUCALIPTO;DESINFETANTE POLITRIZ 1,75L EUCALIPTO;#03 LIMPEZA - DESINFETANTES
248716;#03 LIMPEZA - DESINFECÇÃO;DESINFETANTE POLITRIZ 1,75LT FLORAL;DESINFETANTE POLITRIZ 1,75L FLORAL;#03 LIMPEZA - DESINFETANTES
100277;#03 LIMPEZA - DESINFECÇÃO;DESINFETANTE POLITRIZ 1,75LT GARDENIA;DESINFETANTE POLITRIZ 1,75L GARDENIA;#03 LIMPEZA - DESINFETANTES
100274;#03 LIMPEZA - DESINFECÇÃO;DESINFETANTE POLITRIZ 1,75LT LAVANDA;DESINFETANTE POLITRIZ 1,75L LAVANDA;#03 LIMPEZA - DESINFETANTES
248717;#03 LIMPEZA - DESINFECÇÃO;DESINFETANTE POLITRIZ 1,75 LT LIMAO;DESINFETANTE POLITRIZ 1,75L LIMÃO;#03 LIMPEZA - DESINFETANTES
110571;#03 LIMPEZA - DESINFECÇÃO;DESINFETANTE POLITRIZ 1,75LT MARINE;DESINFETANTE POLITRIZ 1,75L MARINE;#03 LIMPEZA - DESINFETANTES
106624;#03 LIMPEZA - DESINFECÇÃO;DESINFETANTE POLITRIZ 1,75LT ORQUIDEA;DESINFETANTE POLITRIZ 1,75L ORQUIDEA;#03 LIMPEZA - DESINFETANTES
100281;#03 LIMPEZA - DESINFECÇÃO;DESINFETANTE POLITRIZ 1,75LT PINHO;DESINFETANTE POLITRIZ 1,75L PINHO;#03 LIMPEZA - DESINFETANTES
123791;#03 LIMPEZA - DESINFECÇÃO;DESINFETANTE START VOREL 2L CITRUS;DESINFETANTE START VOREL 2L CITRUS;#03 LIMPEZA - DESINFETANTES
123792;#03 LIMPEZA - DESINFECÇÃO;DESINFETANTE START VOREL 2L EUCALIPTO;DESINFETANTE START VOREL 2L EUCALIPTO;#03 LIMPEZA - DESINFETANTES
123793;#03 LIMPEZA - DESINFECÇÃO;DESINFETANTE START VOREL 2L FLORAL;DESINFETANTE START VOREL 2L FLORAL;#03 LIMPEZA - DESINFETANTES
123795;#03 LIMPEZA - DESINFECÇÃO;DESINFETANTE START VOREL 2L JASMIM;DESINFETANTE START VOREL 2L JASMIM;#03 LIMPEZA - DESINFETANTES
123796;#03 LIMPEZA - DESINFECÇÃO;DESINFETANTE START VOREL 2L LAVANDA;DESINFETANTE START VOREL 2L LAVANDA;#03 LIMPEZA - DESINFETANTES
123797;#03 LIMPEZA - DESINFECÇÃO;DESINFETANTE START VOREL 2L PINHO;DESINFETANTE START VOREL 2L PINHO;#03 LIMPEZA - DESINFETANTES
148554;#03 LIMPEZA - DESINFECÇÃO;DESINFETANTE BAK YPÊ EUCALIPTO 2LTS;DESINFETANTE YPÊ BAK 2L EUCALIPTO;#03 LIMPEZA - DESINFETANTES
134193;#03 LIMPEZA - DESINFECÇÃO;DESINFETANTE BAK YPÊ FLORAL 2LTS;DESINFETANTE YPÊ BAK 2L FLORAL;#03 LIMPEZA - DESINFETANTES
142863;#03 LIMPEZA - DESINFECÇÃO;DESINFETANTE BAK YPÊ 2L LAVANDA;DESINFETANTE YPÊ BAK 2L LAVANDA;#03 LIMPEZA - DESINFETANTES
254080;#03 LIMPEZA - DESINFECÇÃO;DESINFETANTE BAK YPÊ LAVANDA L2LP1,8L;DESINFETANTE YPÊ BAK 2L LAVANDA PROMOCIONAL;#03 LIMPEZA - DESINFETANTES
112174;#03 LIMPEZA - GERAL;ALCOOL START 1L 70INPM;ALCOOL START 70º 1L;#03 LIMPEZA - ÁLCOOL
214812;#03 LIMPEZA - GERAL;DESINFETANTE +FAMILIA 2L CITRONELA;DESINFETANTE +FAMILIA 2L CITRONELA;#03 LIMPEZA - DESINFETANTES
170543;#03 LIMPEZA - GERAL;LIMP.MULTI USO QBOA DESENGORDURANTE 500M;LIMPADOR MULTIUSO QBOA 500ML DESENGORDURANTE;#03 LIMPEZA - LIMPADORES MULTIUSO
156422;#03 LIMPEZA - GERAL;LIMP.VEJA MULT USO LEV 500 P450ML;LIMPADOR MULTIUSO VEJA 500ML PROMOCIONAL;#03 LIMPEZA - LIMPADORES MULTIUSO
100373;#03 LIMPEZA - GERAL;SODA CAUSTICA SOL 1KG;SODA CAUSTICA SOL 1KG;#03 LIMPEZA - LIMPEZA PESADA
207582;#03 LIMPEZA - LIMPEZA COZINHA;DETERGENTE LIQUIDO LAVABEM 500ML;DETERGENTE LIQUIDO LAVABEM 500ML;#03 LIMPEZA - DETERGENTES PARA LOUÇAS
207584;#03 LIMPEZA - LIMPEZA COZINHA;DETERGENTE LIQUIDO LAVABEM 500ML;DETERGENTE LIQUIDO LAVABEM 500ML;#03 LIMPEZA - DETERGENTES PARA LOUÇAS
207586;#03 LIMPEZA - LIMPEZA COZINHA;DETERGENTE LIQUIDO LAVABEM 500ML;DETERGENTE LIQUIDO LAVABEM 500ML;#03 LIMPEZA - DETERGENTES PARA LOUÇAS
207588;#03 LIMPEZA - LIMPEZA COZINHA;DETERGENTE LIQUIDO LAVABEM 500ML;DETERGENTE LIQUIDO LAVABEM 500ML;#03 LIMPEZA - DETERGENTES PARA LOUÇAS
256724;#03 LIMPEZA - LIMPEZA COZINHA;DETERGENTE LIQUIDO LAVABEM 500ML;DETERGENTE LIQUIDO LAVABEM 500ML;#03 LIMPEZA - DETERGENTES PARA LOUÇAS
100423;#03 LIMPEZA - LIMPEZA COZINHA;DETERGENTE LIQUIDO LIMPOL 500ML COCO;DETERGENTE LIQUIDO LIMPOL 500ML COCO;#03 LIMPEZA - DETERGENTES PARA LOUÇAS
100419;#03 LIMPEZA - LIMPEZA COZINHA;DETERGENTE LIQUIDO LIMPOL 500ML CRISTAL;DETERGENTE LIQUIDO LIMPOL 500ML CRISTAL;#03 LIMPEZA - DETERGENTES PARA LOUÇAS
220037;#03 LIMPEZA - LIMPEZA COZINHA;DETERGENTE LIQUIDO LIMPOL 500ML JABOTICABA;DETERGENTE LIQUIDO LIMPOL 500ML JABOTICABA;#03 LIMPEZA - DETERGENTES PARA LOUÇAS
204461;#03 LIMPEZA - LIMPEZA COZINHA;DETERGENTE LIQUIDO LIMPOL 500ML LAVANDA;DETERGENTE LIQUIDO LIMPOL 500ML LAVANDA;#03 LIMPEZA - DETERGENTES PARA LOUÇAS
214065;#03 LIMPEZA - DESINFECÇÃO;DESINFETANTE +FAMILIA 2L FLORAL;DESINFETANTE +FAMILIA 2L FLORAL;#03 LIMPEZA - DESINFETANTES
107851;#03 LIMPEZA - DESINFECÇÃO;DESINFETANTE +FAMILIA 2L HERBAL;DESINFETANTE +FAMILIA 2L HERBAL;#03 LIMPEZA - DESINFETANTES
109602;#03 LIMPEZA - DESINFECÇÃO;DESINFETANTE +FAMILIA 2L LAVANDA;DESINFETANTE +FAMILIA 2L LAVANDA;#03 LIMPEZA - DESINFETANTES
100315;#03 LIMPEZA - DESINFECÇÃO;DESINFETANTE +FAMILIA 2LT PINHO;DESINFETANTE +FAMILIA 2L PINHO;#03 LIMPEZA - DESINFETANTES
247502;#03 LIMPEZA - DESINFECÇÃO;DESINFETANTE +FAMILIA 5LT LAVANDA;DESINFETANTE +FAMILIA 5L LAVANDA;#03 LIMPEZA - DESINFETANTES
186012;#03 LIMPEZA - DESINFECÇÃO;DESINFETANTE AZULIM 1L LAVANDA;DESINFETANTE AZULIM 1L LAVANDA;#03 LIMPEZA - DESINFETANTES
112179;#03 LIMPEZA - DESINFECÇÃO;DESINFETANTE AZULIM START 1L ABSOLUTE;DESINFETANTE AZULIM START 1L ABSOLUTE;#03 LIMPEZA - DESINFETANTES
106547;#03 LIMPEZA - DESINFECÇÃO;DESINFETANTE AZULIM START 1L ERVA DOCE;DESINFETANTE AZULIM START 1L ERVA DOCE;#03 LIMPEZA - DESINFETANTES
106548;#03 LIMPEZA - DESINFECÇÃO;DESINFETANTE AZULIM START 1L FLORATA;DESINFETANTE AZULIM START 1L FLORATA;#03 LIMPEZA - DESINFETANTES
106546;#03 LIMPEZA - DESINFECÇÃO;DESINFETANTE AZULIM START 1L MARINER;DESINFETANTE AZULIM START 1L MARINER;#03 LIMPEZA - DESINFETANTES
106545;#03 LIMPEZA - DESINFECÇÃO;DESINFETANTE AZULIM START 1L NEON;DESINFETANTE AZULIM START 1L NEON;#03 LIMPEZA - DESINFETANTES
107673;#03 LIMPEZA - DESINFECÇÃO;DESINFETANTE AZULIM START 1L WAVE;DESINFETANTE AZULIM START 1L WAVE;#03 LIMPEZA - DESINFETANTES
259583;#03 LIMPEZA - DESINFECÇÃO;DESINFETANTE LAVABEM 2L ERVA DOCE;DESINFETANTE LAVABEM 2L ERVA DOCE;#03 LIMPEZA - DESINFETANTES
207624;#03 LIMPEZA - DESINFECÇÃO;DESINFETANTE LAVABEM 2LTS FLORAL;DESINFETANTE LAVABEM 2L FLORAL;#03 LIMPEZA - DESINFETANTES
207626;#03 LIMPEZA - DESINFECÇÃO;DESINFETANTE LAVABEM 2LTS JASMIN;DESINFETANTE LAVABEM 2L JASMIN;#03 LIMPEZA - DESINFETANTES
207628;#03 LIMPEZA - DESINFECÇÃO;DESINFETANTE LAVABEM 2LTS LAVANDA;DESINFETANTE LAVABEM 2L LAVANDA;#03 LIMPEZA - DESINFETANTES
207630;#03 LIMPEZA - DESINFECÇÃO;DESINFETANTE LAVABEM 2LTS LIMAO;DESINFETANTE LAVABEM 2L LIMAO;#03 LIMPEZA - DESINFETANTES
100275;#03 LIMPEZA - DESINFECÇÃO;DESINFETANTE POLITRIZ 1,75LT ALFAZEMA;DESINFETANTE POLITRIZ 1,75L ALFAZEMA;#03 LIMPEZA - DESINFETANTES
110507;#03 LIMPEZA - DESINFECÇÃO;DESINFETANTE POLITRIZ 1,75L EUCALIPTO;DESINFETANTE POLITRIZ 1,75L EUCALIPTO;#03 LIMPEZA - DESINFETANTES
248716;#03 LIMPEZA - DESINFECÇÃO;DESINFETANTE POLITRIZ 1,75LT FLORAL;DESINFETANTE POLITRIZ 1,75L FLORAL;#03 LIMPEZA - DESINFETANTES
100277;#03 LIMPEZA - DESINFECÇÃO;DESINFETANTE POLITRIZ 1,75LT GARDENIA;DESINFETANTE POLITRIZ 1,75L GARDENIA;#03 LIMPEZA - DESINFETANTES
100274;#03 LIMPEZA - DESINFECÇÃO;DESINFETANTE POLITRIZ 1,75LT LAVANDA;DESINFETANTE POLITRIZ 1,75L LAVANDA;#03 LIMPEZA - DESINFETANTES
248717;#03 LIMPEZA - DESINFECÇÃO;DESINFETANTE POLITRIZ 1,75 LT LIMAO;DESINFETANTE POLITRIZ 1,75L LIMÃO;#03 LIMPEZA - DESINFETANTES
110571;#03 LIMPEZA - DESINFECÇÃO;DESINFETANTE POLITRIZ 1,75LT MARINE;DESINFETANTE POLITRIZ 1,75L MARINE;#03 LIMPEZA - DESINFETANTES
106624;#03 LIMPEZA - DESINFECÇÃO;DESINFETANTE POLITRIZ 1,75LT ORQUIDEA;DESINFETANTE POLITRIZ 1,75L ORQUIDEA;#03 LIMPEZA - DESINFETANTES
100281;#03 LIMPEZA - DESINFECÇÃO;DESINFETANTE POLITRIZ 1,75LT PINHO;DESINFETANTE POLITRIZ 1,75L PINHO;#03 LIMPEZA - DESINFETANTES
123791;#03 LIMPEZA - DESINFECÇÃO;DESINFETANTE START VOREL 2L CITRUS;DESINFETANTE START VOREL 2L CITRUS;#03 LIMPEZA - DESINFETANTES
123792;#03 LIMPEZA - DESINFECÇÃO;DESINFETANTE START VOREL 2L EUCALIPTO;DESINFETANTE START VOREL 2L EUCALIPTO;#03 LIMPEZA - DESINFETANTES
123793;#03 LIMPEZA - DESINFECÇÃO;DESINFETANTE START VOREL 2L FLORAL;DESINFETANTE START VOREL 2L FLORAL;#03 LIMPEZA - DESINFETANTES
123795;#03 LIMPEZA - DESINFECÇÃO;DESINFETANTE START VOREL 2L JASMIM;DESINFETANTE START VOREL 2L JASMIM;#03 LIMPEZA - DESINFETANTES
123796;#03 LIMPEZA - DESINFECÇÃO;DESINFETANTE START VOREL 2L LAVANDA;DESINFETANTE START VOREL 2L LAVANDA;#03 LIMPEZA - DESINFETANTES
123797;#03 LIMPEZA - DESINFECÇÃO;DESINFETANTE START VOREL 2L PINHO;DESINFETANTE START VOREL 2L PINHO;#03 LIMPEZA - DESINFETANTES
148554;#03 LIMPEZA - DESINFECÇÃO;DESINFETANTE BAK YPÊ EUCALIPTO 2LTS;DESINFETANTE YPÊ BAK 2L EUCALIPTO;#03 LIMPEZA - DESINFETANTES
134193;#03 LIMPEZA - DESINFECÇÃO;DESINFETANTE BAK YPÊ FLORAL 2LTS;DESINFETANTE YPÊ BAK 2L FLORAL;#03 LIMPEZA - DESINFETANTES
142863;#03 LIMPEZA - DESINFECÇÃO;DESINFETANTE BAK YPÊ 2L LAVANDA;DESINFETANTE YPÊ BAK 2L LAVANDA;#03 LIMPEZA - DESINFETANTES
254080;#03 LIMPEZA - DESINFECÇÃO;DESINFETANTE BAK YPÊ LAVANDA L2LP1,8L;DESINFETANTE YPÊ BAK 2L LAVANDA PROMOCIONAL;#03 LIMPEZA - DESINFETANTES
112174;#03 LIMPEZA - GERAL;ALCOOL START 1L 70INPM;ALCOOL START 70º 1L;#03 LIMPEZA - ÁLCOOL
214812;#03 LIMPEZA - GERAL;DESINFETANTE +FAMILIA 2L CITRONELA;DESINFETANTE +FAMILIA 2L CITRONELA;#03 LIMPEZA - DESINFETANTES
170543;#03 LIMPEZA - GERAL;LIMP.MULTI USO QBOA DESENGORDURANTE 500M;LIMPADOR MULTIUSO QBOA 500ML DESENGORDURANTE;#03 LIMPEZA - LIMPADORES MULTIUSO
156422;#03 LIMPEZA - GERAL;LIMP.VEJA MULT USO LEV 500 P450ML;LIMPADOR MULTIUSO VEJA 500ML PROMOCIONAL;#03 LIMPEZA - LIMPADORES MULTIUSO
100373;#03 LIMPEZA - GERAL;SODA CAUSTICA SOL 1KG;SODA CAUSTICA SOL 1KG;#03 LIMPEZA - LIMPEZA PESADA
207582;#03 LIMPEZA - LIMPEZA COZINHA;DETERGENTE LIQUIDO LAVABEM 500ML;DETERGENTE LIQUIDO LAVABEM 500ML;#03 LIMPEZA - DETERGENTES PARA LOUÇAS
207584;#03 LIMPEZA - LIMPEZA COZINHA;DETERGENTE LIQUIDO LAVABEM 500ML;DETERGENTE LIQUIDO LAVABEM 500ML;#03 LIMPEZA - DETERGENTES PARA LOUÇAS
207586;#03 LIMPEZA - LIMPEZA COZINHA;DETERGENTE LIQUIDO LAVABEM 500ML;DETERGENTE LIQUIDO LAVABEM 500ML;#03 LIMPEZA - DETERGENTES PARA LOUÇAS
207588;#03 LIMPEZA - LIMPEZA COZINHA;DETERGENTE LIQUIDO LAVABEM 500ML;DETERGENTE LIQUIDO LAVABEM 500ML;#03 LIMPEZA - DETERGENTES PARA LOUÇAS
256724;#03 LIMPEZA - LIMPEZA COZINHA;DETERGENTE LIQUIDO LAVABEM 500ML;DETERGENTE LIQUIDO LAVABEM 500ML;#03 LIMPEZA - DETERGENTES PARA LOUÇAS
100423;#03 LIMPEZA - LIMPEZA COZINHA;DETERGENTE LIQUIDO LIMPOL 500ML COCO;DETERGENTE LIQUIDO LIMPOL 500ML COCO;#03 LIMPEZA - DETERGENTES PARA LOUÇAS
100419;#03 LIMPEZA - LIMPEZA COZINHA;DETERGENTE LIQUIDO LIMPOL 500ML CRISTAL;DETERGENTE LIQUIDO LIMPOL 500ML CRISTAL;#03 LIMPEZA - DETERGENTES PARA LOUÇAS
220037;#03 LIMPEZA - LIMPEZA COZINHA;DETERGENTE LIQUIDO LIMPOL 500ML JABOTICABA;DETERGENTE LIQUIDO LIMPOL 500ML JABOTICABA;#03 LIMPEZA - DETERGENTES PARA LOUÇAS
204461;#03 LIMPEZA - LIMPEZA COZINHA;DETERGENTE LIQUIDO LIMPOL 500ML LAVANDA;DETERGENTE LIQUIDO LIMPOL 500ML LAVANDA;#03 LIMPEZA - DETERGENTES PARA LOUÇAS
100420;#03 LIMPEZA - LIMPEZA COZINHA;DETERGENTE LIQUIDO LIMPOL 500ML LIMÃO;DETERGENTE LIQUIDO LIMPOL 500ML LIMÃO;#03 LIMPEZA - DETERGENTES PARA LOUÇAS
100417;#03 LIMPEZA - LIMPEZA COZINHA;DETERGENTE LIQUIDO LIMPOL 500ML MAÇÃ;DETERGENTE LIQUIDO LIMPOL 500ML MAÇÃ;#03 LIMPEZA - DETERGENTES PARA LOUÇAS
106661;#03 LIMPEZA - LIMPEZA COZINHA;DETERGENTE LIQUIDO LIMPOL 500ML NEUTRO;DETERGENTE LIQUIDO LIMPOL 500ML NEUTRO;#03 LIMPEZA - DETERGENTES PARA LOUÇAS
119826;#03 LIMPEZA - LIMPEZA COZINHA;DETERGENTE LIQUIDO MINUANO 500ML CLEAR;DETERGENTE LIQUIDO MINUANO 500ML CLEAR;#03 LIMPEZA - DETERGENTES PARA LOUÇAS
111567;#03 LIMPEZA - LIMPEZA COZINHA;DETERGENTE LIQUIDO MINUANO 500ML COCO;DETERGENTE LIQUIDO MINUANO 500ML COCO;#03 LIMPEZA - DETERGENTES PARA LOUÇAS
110352;#03 LIMPEZA - LIMPEZA COZINHA;DETERGENTE LIQUIDO MINUANO 500ML LIMAO;DETERGENTE LIQUIDO MINUANO 500ML LIMAO;#03 LIMPEZA - DETERGENTES PARA LOUÇAS
110353;#03 LIMPEZA - LIMPEZA COZINHA;DETERGENTE LIQUIDO MINUANO 500ML MACA;DETERGENTE LIQUIDO MINUANO 500ML MACA;#03 LIMPEZA - DETERGENTES PARA LOUÇAS
113911;#03 LIMPEZA - LIMPEZA COZINHA;DETERGENTE LIQUIDO MINUANO 500ML. MACA;DETERGENTE LIQUIDO MINUANO 500ML MAÇÃ;#03 LIMPEZA - DETERGENTES PARA LOUÇAS
112163;#03 LIMPEZA - LIMPEZA COZINHA;DETERGENTE LIQUIDO MINUANO 500ML. MARINE;DETERGENTE LIQUIDO MINUANO 500ML MARINE;#03 LIMPEZA - DETERGENTES PARA LOUÇAS
252617;#03 LIMPEZA - LIMPEZA COZINHA;DETERGENTE LIQUIDO MINUANO 500ML MICELAR;DETERGENTE LIQUIDO MINUANO 500ML MICELAR;#03 LIMPEZA - DETERGENTES PARA LOUÇAS
106663;#03 LIMPEZA - LIMPEZA COZINHA;DETERGENTE LIQUIDO MINUANO 500ML NEUTRO;DETERGENTE LIQUIDO MINUANO 500ML NEUTRO;#03 LIMPEZA - DETERGENTES PARA LOUÇAS
113914;#03 LIMPEZA - LIMPEZA COZINHA;DETERGENTE LIQUIDO MINUANO 500ML. NEUTRO;DETERGENTE LIQUIDO MINUANO 500ML NEUTRO;#03 LIMPEZA - DETERGENTES PARA LOUÇAS
100391;#03 LIMPEZA - LIMPEZA COZINHA;DETERGENTE LIQUIDO YPÊ 500ML CAPIM LIMAO;DETERGENTE LIQUIDO YPÊ 500ML CAPIM LIMÃO;#03 LIMPEZA - DETERGENTES PARA LOUÇAS
100394;#03 LIMPEZA - LIMPEZA COZINHA;DETERGENTE LIQUIDO YPÊ 500ML CLEAR;DETERGENTE LIQUIDO YPÊ 500ML CLEAR;#03 LIMPEZA - DETERGENTES PARA LOUÇAS
100392;#03 LIMPEZA - LIMPEZA COZINHA;DETERGENTE LIQUIDO YPÊ 500ML CLEAR CARE;DETERGENTE LIQUIDO YPÊ 500ML CLEAR CARE;#03 LIMPEZA - DETERGENTES PARA LOUÇAS
100402;#03 LIMPEZA - LIMPEZA COZINHA;DETERGENTE LIQUIDO YPÊ 500ML COCO;DETERGENTE LIQUIDO YPÊ 500ML COCO;#03 LIMPEZA - DETERGENTES PARA LOUÇAS
100403;#03 LIMPEZA - LIMPEZA COZINHA;DETERGENTE LIQUIDO YPÊ 500ML LIMAO;DETERGENTE LIQUIDO YPÊ 500ML LIMAO;#03 LIMPEZA - DETERGENTES PARA LOUÇAS
100393;#03 LIMPEZA - LIMPEZA COZINHA;DETERGENTE LIQUIDO YPÊ 500ML MACA;DETERGENTE LIQUIDO YPÊ 500ML MACA;#03 LIMPEZA - DETERGENTES PARA LOUÇAS
100390;#03 LIMPEZA - LIMPEZA COZINHA;DETERGENTE LIQUIDO YPÊ 500ML NEUTRO;DETERGENTE LIQUIDO YPÊ 500ML NEUTRO;#03 LIMPEZA - DETERGENTES PARA LOUÇAS
100432;#03 LIMPEZA - LIMPEZA COZINHA;LIMPA ALUM/INOX MAGIC BRILHO 500ML CLEAR;LIMPA ALUMINIO | INOX MAGIC BRILHO 500ML CLEAR;#03 LIMPEZA - LIMPADORES DE COZINHA
100433;#03 LIMPEZA - LIMPEZA COZINHA;LIMPA ALUM/INOX MAGIC BRILHO 500ML LARAN;LIMPA ALUMINIO | INOX MAGIC BRILHO 500ML LARANJA;#03 LIMPEZA - LIMPADORES DE COZINHA
100434;#03 LIMPEZA - LIMPEZA COZINHA;LIMPA ALUM/INOX MAGIC BRILHO 500ML MACA;LIMPA ALUMINIO | INOX MAGIC BRILHO 500ML MAÇÃ;#03 LIMPEZA - LIMPADORES DE COZINHA
100435;#03 LIMPEZA - LIMPEZA COZINHA;LIMPA ALUM/INOX MAGIC BRILHO 500ML TRADI;LIMPA ALUMINIO | INOX MAGIC BRILHO 500ML TRADICIONAL;#03 LIMPEZA - LIMPADORES DE COZINHA
118939;#03 LIMPEZA - LIMPEZA COZINHA;LIMPA ALUMINIO POLYLAR 500ML LIMAO;LIMPA ALUMINIO POLYLAR 500ML LIMÃO;#03 LIMPEZA - LIMPADORES DE COZINHA
118940;#03 LIMPEZA - LIMPEZA COZINHA;LIMPA ALUMINIO POLYLAR 500ML MACA;LIMPA ALUMINIO POLYLAR 500ML MAÇÃ;#03 LIMPEZA - LIMPADORES DE COZINHA
197497;#03 LIMPEZA - LIMPEZA COZINHA;LIMPADOR MULTIUSO QBOA 500ML;LIMPADOR MULTIUSO QBOA 500ML BANHEIRO;#03 LIMPEZA - LIMPADORES MULTIUSO
197496;#03 LIMPEZA - LIMPEZA COZINHA;LIMPADOR MULTIUSO QBOA 500ML;LIMPADOR MULTIUSO QBOA 500ML LAVANDA;#03 LIMPEZA - LIMPADORES MULTIUSO
260659;#03 LIMPEZA - LIMPEZA COZINHA;LIMPADOR QBOA 500ML LIMPEZA PESADA;LIMPADOR MULTIUSO QBOA 500ML LIMPEZA PESADA;#03 LIMPEZA - LIMPADORES MULTIUSO
170541;#03 LIMPEZA - LIMPEZA COZINHA;LIMPADOR MULTIUSO QBOA 500ML;LIMPADOR MULTIUSO QBOA 500ML MAÇÃ VERDE;#03 LIMPEZA - LIMPADORES MULTIUSO
170542;#03 LIMPEZA - LIMPEZA COZINHA;LIMPADOR MULTIUSO QBOA 500ML;LIMPADOR MULTIUSO QBOA 500ML TRADICIONAL;#03 LIMPEZA - LIMPADORES MULTIUSO
320166;#03 LIMPEZA - LIMPEZA COZINHA;PAPEL TOALHA ABSOLUTO 240FLHAS C/2 ROLO;PAPEL TOALHA ABSOLUTO 2 X 240 FOLHAS;#03 LIMPEZA - PAPEL TOALHA
292093;#03 LIMPEZA - LIMPEZA COZINHA;SABAO BARRA ESTRELA 900GR NEUTRO;SABÃO BARRA ESTRELA 900G NEUTRO;#03 LIMPEZA - SABÃO EM BARRA
261360;#03 LIMPEZA - LIMPEZA COZINHA;SABAO BARRA MINUANO NEUTRO GLIC 5X180G;SABÃO EM BARRA MINUANO 900G NEUTRO GLICERINADO;#03 LIMPEZA - SABÃO EM BARRA
326954;#03 LIMPEZA - LIMPEZA COZINHA;SABAO BARRA REGENTE 5X200GR NEUTRO;SABÃO EM BARRA REGENTE 5X200G NEUTRO;#03 LIMPEZA - SABÃO EM BARRA
257710;#03 LIMPEZA - LIMPEZA COZINHA;SABAO BARRA YPÊ 5X180GR NEUTRO GLICERINA;SABÃO EM BARRA YPÊ 900G NEUTRO;#03 LIMPEZA - SABÃO EM BARRA
116139;#03 LIMPEZA - LIMPEZA ROUPAS;AMACIANTE +FAMILIA 2L FLORISTA;AMACIANTE DE ROUPAS +FAMILIA 2L FLORISTA;#03 LIMPEZA - AMACIANTES DE ROUPAS
107395;#03 LIMPEZA - LIMPEZA ROUPAS;AMACIANTE +FAMILIA 2L ROSAS;AMACIANTE DE ROUPAS +FAMILIA 2L ROSAS;#03 LIMPEZA - AMACIANTES DE ROUPAS
133368;#03 LIMPEZA - LIMPEZA ROUPAS;AMAC +FAMILIA ORIG 5 LT;AMACIANTE DE ROUPAS +FAMILIA 5L ORIGINAL;#03 LIMPEZA - AMACIANTES DE ROUPAS
213003;#03 LIMPEZA - LIMPEZA ROUPAS;AMAC COMFORT INTEN CUID ESSENCIAL 1.5L;AMACIANTE DE ROUPAS COMFORT 1,5L INTENSO CUIDADO ESSENCIAL;#03 LIMPEZA - AMACIANTES DE ROUPAS
285689;#03 LIMPEZA - LIMPEZA ROUPAS;AMACIANTE DE ROUPAS TUFF CONCENTRADO 1L LE JARDIM;AMACIANTE DE ROUPAS TUFF 1L CONCENTRADO LE JARDIM;#03 LIMPEZA - AMACIANTES DE ROUPAS
285690;#03 LIMPEZA - LIMPEZA ROUPAS;AMACIANTE DE ROUPAS TUFF CONCENTRADO 1L POEME;AMACIANTE DE ROUPAS TUFF 1L CONCENTRADO POEME;#03 LIMPEZA - AMACIANTES DE ROUPAS
285691;#03 LIMPEZA - LIMPEZA ROUPAS;AMACIANTE DE ROUPAS TUFF CONCENTRADO 1L ROSE PINK;AMACIANTE DE ROUPAS TUFF 1L CONCENTRADO ROSE PINK;#03 LIMPEZA - AMACIANTES DE ROUPAS
285692;#03 LIMPEZA - LIMPEZA ROUPAS;AMACIANTE DE ROUPAS TUFF CONCENTRADO 1L SPLENDOR;AMACIANTE DE ROUPAS TUFF 1L CONCENTRADO SPLENDOR;#03 LIMPEZA - AMACIANTES DE ROUPAS
106711;#03 LIMPEZA - LIMPEZA ROUPAS;AMAC ROUPAS YPÊ 2LT ACONCHEGO;AMACIANTE DE ROUPAS YPÊ 2L ACONCHEGO;#03 LIMPEZA - AMACIANTES DE ROUPAS
181416;#03 LIMPEZA - LIMPEZA ROUPAS;AMAC ROUPAS YPÊ 2L ACONCHEGO L2L PG1,8L;AMACIANTE DE ROUPAS YPÊ 2L ACONCHEGO PROMOCIONAL;#03 LIMPEZA - AMACIANTES DE ROUPAS
245393;#03 LIMPEZA - LIMPEZA ROUPAS;AMACIANTE YPÊ ACONCHEGO L2 P1,6 L;AMACIANTE DE ROUPAS YPÊ 2L ACONCHEGO PROMOCIONAL;#03 LIMPEZA - AMACIANTES DE ROUPAS
107394;#03 LIMPEZA - LIMPEZA ROUPAS;AMAC ROUPAS YPÊ 2L CARINHO;AMACIANTE DE ROUPAS YPÊ 2L CARINHO;#03 LIMPEZA - AMACIANTES DE ROUPAS
107413;#03 LIMPEZA - LIMPEZA ROUPAS;AMACIANTE YPÊ 2L DELICADO BRANCO;AMACIANTE DE ROUPAS YPÊ 2L DELICADO BRANCO;#03 LIMPEZA - AMACIANTES DE ROUPAS
107393;#03 LIMPEZA - LIMPEZA ROUPAS;AMAC ROUPAS YPÊ 2L INTENSO;AMACIANTE DE ROUPAS YPÊ 2L INTENSO;#03 LIMPEZA - AMACIANTES DE ROUPAS
179914;#03 LIMPEZA - LIMPEZA ROUPAS;AMACIANTE YPÊ 2L INTENSO L2L P1,8L;AMACIANTE DE ROUPAS YPÊ 2L INTENSO PROMOCIONAL;#03 LIMPEZA - AMACIANTES DE ROUPAS
100420;#03 LIMPEZA - LIMPEZA COZINHA;DETERGENTE LIQUIDO LIMPOL 500ML LIMÃO;DETERGENTE LIQUIDO LIMPOL 500ML LIMÃO;#03 LIMPEZA - DETERGENTES PARA LOUÇAS
100417;#03 LIMPEZA - LIMPEZA COZINHA;DETERGENTE LIQUIDO LIMPOL 500ML MAÇÃ;DETERGENTE LIQUIDO LIMPOL 500ML MAÇÃ;#03 LIMPEZA - DETERGENTES PARA LOUÇAS
106661;#03 LIMPEZA - LIMPEZA COZINHA;DETERGENTE LIQUIDO LIMPOL 500ML NEUTRO;DETERGENTE LIQUIDO LIMPOL 500ML NEUTRO;#03 LIMPEZA - DETERGENTES PARA LOUÇAS
119826;#03 LIMPEZA - LIMPEZA COZINHA;DETERGENTE LIQUIDO MINUANO 500ML CLEAR;DETERGENTE LIQUIDO MINUANO 500ML CLEAR;#03 LIMPEZA - DETERGENTES PARA LOUÇAS
111567;#03 LIMPEZA - LIMPEZA COZINHA;DETERGENTE LIQUIDO MINUANO 500ML COCO;DETERGENTE LIQUIDO MINUANO 500ML COCO;#03 LIMPEZA - DETERGENTES PARA LOUÇAS
110352;#03 LIMPEZA - LIMPEZA COZINHA;DETERGENTE LIQUIDO MINUANO 500ML LIMAO;DETERGENTE LIQUIDO MINUANO 500ML LIMAO;#03 LIMPEZA - DETERGENTES PARA LOUÇAS
110353;#03 LIMPEZA - LIMPEZA COZINHA;DETERGENTE LIQUIDO MINUANO 500ML MACA;DETERGENTE LIQUIDO MINUANO 500ML MACA;#03 LIMPEZA - DETERGENTES PARA LOUÇAS
113911;#03 LIMPEZA - LIMPEZA COZINHA;DETERGENTE LIQUIDO MINUANO 500ML. MACA;DETERGENTE LIQUIDO MINUANO 500ML MAÇÃ;#03 LIMPEZA - DETERGENTES PARA LOUÇAS
112163;#03 LIMPEZA - LIMPEZA COZINHA;DETERGENTE LIQUIDO MINUANO 500ML. MARINE;DETERGENTE LIQUIDO MINUANO 500ML MARINE;#03 LIMPEZA - DETERGENTES PARA LOUÇAS
252617;#03 LIMPEZA - LIMPEZA COZINHA;DETERGENTE LIQUIDO MINUANO 500ML MICELAR;DETERGENTE LIQUIDO MINUANO 500ML MICELAR;#03 LIMPEZA - DETERGENTES PARA LOUÇAS
106663;#03 LIMPEZA - LIMPEZA COZINHA;DETERGENTE LIQUIDO MINUANO 500ML NEUTRO;DETERGENTE LIQUIDO MINUANO 500ML NEUTRO;#03 LIMPEZA - DETERGENTES PARA LOUÇAS
113914;#03 LIMPEZA - LIMPEZA COZINHA;DETERGENTE LIQUIDO MINUANO 500ML. NEUTRO;DETERGENTE LIQUIDO MINUANO 500ML NEUTRO;#03 LIMPEZA - DETERGENTES PARA LOUÇAS
100391;#03 LIMPEZA - LIMPEZA COZINHA;DETERGENTE LIQUIDO YPÊ 500ML CAPIM LIMAO;DETERGENTE LIQUIDO YPÊ 500ML CAPIM LIMÃO;#03 LIMPEZA - DETERGENTES PARA LOUÇAS
100394;#03 LIMPEZA - LIMPEZA COZINHA;DETERGENTE LIQUIDO YPÊ 500ML CLEAR;DETERGENTE LIQUIDO YPÊ 500ML CLEAR;#03 LIMPEZA - DETERGENTES PARA LOUÇAS
100392;#03 LIMPEZA - LIMPEZA COZINHA;DETERGENTE LIQUIDO YPÊ 500ML CLEAR CARE;DETERGENTE LIQUIDO YPÊ 500ML CLEAR CARE;#03 LIMPEZA - DETERGENTES PARA LOUÇAS
100402;#03 LIMPEZA - LIMPEZA COZINHA;DETERGENTE LIQUIDO YPÊ 500ML COCO;DETERGENTE LIQUIDO YPÊ 500ML COCO;#03 LIMPEZA - DETERGENTES PARA LOUÇAS
100403;#03 LIMPEZA - LIMPEZA COZINHA;DETERGENTE LIQUIDO YPÊ 500ML LIMAO;DETERGENTE LIQUIDO YPÊ 500ML LIMAO;#03 LIMPEZA - DETERGENTES PARA LOUÇAS
100393;#03 LIMPEZA - LIMPEZA COZINHA;DETERGENTE LIQUIDO YPÊ 500ML MACA;DETERGENTE LIQUIDO YPÊ 500ML MACA;#03 LIMPEZA - DETERGENTES PARA LOUÇAS
100390;#03 LIMPEZA - LIMPEZA COZINHA;DETERGENTE LIQUIDO YPÊ 500ML NEUTRO;DETERGENTE LIQUIDO YPÊ 500ML NEUTRO;#03 LIMPEZA - DETERGENTES PARA LOUÇAS
100432;#03 LIMPEZA - LIMPEZA COZINHA;LIMPA ALUM/INOX MAGIC BRILHO 500ML CLEAR;LIMPA ALUMINIO | INOX MAGIC BRILHO 500ML CLEAR;#03 LIMPEZA - LIMPADORES DE COZINHA
100433;#03 LIMPEZA - LIMPEZA COZINHA;LIMPA ALUM/INOX MAGIC BRILHO 500ML LARAN;LIMPA ALUMINIO | INOX MAGIC BRILHO 500ML LARANJA;#03 LIMPEZA - LIMPADORES DE COZINHA
100434;#03 LIMPEZA - LIMPEZA COZINHA;LIMPA ALUM/INOX MAGIC BRILHO 500ML MACA;LIMPA ALUMINIO | INOX MAGIC BRILHO 500ML MAÇÃ;#03 LIMPEZA - LIMPADORES DE COZINHA
100435;#03 LIMPEZA - LIMPEZA COZINHA;LIMPA ALUM/INOX MAGIC BRILHO 500ML TRADI;LIMPA ALUMINIO | INOX MAGIC BRILHO 500ML TRADICIONAL;#03 LIMPEZA - LIMPADORES DE COZINHA
118939;#03 LIMPEZA - LIMPEZA COZINHA;LIMPA ALUMINIO POLYLAR 500ML LIMAO;LIMPA ALUMINIO POLYLAR 500ML LIMÃO;#03 LIMPEZA - LIMPADORES DE COZINHA
118940;#03 LIMPEZA - LIMPEZA COZINHA;LIMPA ALUMINIO POLYLAR 500ML MACA;LIMPA ALUMINIO POLYLAR 500ML MAÇÃ;#03 LIMPEZA - LIMPADORES DE COZINHA
197497;#03 LIMPEZA - LIMPEZA COZINHA;LIMPADOR MULTIUSO QBOA 500ML;LIMPADOR MULTIUSO QBOA 500ML BANHEIRO;#03 LIMPEZA - LIMPADORES MULTIUSO
197496;#03 LIMPEZA - LIMPEZA COZINHA;LIMPADOR MULTIUSO QBOA 500ML;LIMPADOR MULTIUSO QBOA 500ML LAVANDA;#03 LIMPEZA - LIMPADORES MULTIUSO
260659;#03 LIMPEZA - LIMPEZA COZINHA;LIMPADOR QBOA 500ML LIMPEZA PESADA;LIMPADOR MULTIUSO QBOA 500ML LIMPEZA PESADA;#03 LIMPEZA - LIMPADORES MULTIUSO
170541;#03 LIMPEZA - LIMPEZA COZINHA;LIMPADOR MULTIUSO QBOA 500ML;LIMPADOR MULTIUSO QBOA 500ML MAÇÃ VERDE;#03 LIMPEZA - LIMPADORES MULTIUSO
170542;#03 LIMPEZA - LIMPEZA COZINHA;LIMPADOR MULTIUSO QBOA 500ML;LIMPADOR MULTIUSO QBOA 500ML TRADICIONAL;#03 LIMPEZA - LIMPADORES MULTIUSO
320166;#03 LIMPEZA - LIMPEZA COZINHA;PAPEL TOALHA ABSOLUTO 240FLHAS C/2 ROLO;PAPEL TOALHA ABSOLUTO 2 X 240 FOLHAS;#03 LIMPEZA - PAPEL TOALHA
292093;#03 LIMPEZA - LIMPEZA COZINHA;SABAO BARRA ESTRELA 900GR NEUTRO;SABÃO BARRA ESTRELA 900G NEUTRO;#03 LIMPEZA - SABÃO EM BARRA
261360;#03 LIMPEZA - LIMPEZA COZINHA;SABAO BARRA MINUANO NEUTRO GLIC 5X180G;SABÃO EM BARRA MINUANO 900G NEUTRO GLICERINADO;#03 LIMPEZA - SABÃO EM BARRA
326954;#03 LIMPEZA - LIMPEZA COZINHA;SABAO BARRA REGENTE 5X200GR NEUTRO;SABÃO EM BARRA REGENTE 5X200G NEUTRO;#03 LIMPEZA - SABÃO EM BARRA
257710;#03 LIMPEZA - LIMPEZA COZINHA;SABAO BARRA YPÊ 5X180GR NEUTRO GLICERINA;SABÃO EM BARRA YPÊ 900G NEUTRO;#03 LIMPEZA - SABÃO EM BARRA
116139;#03 LIMPEZA - LIMPEZA ROUPAS;AMACIANTE +FAMILIA 2L FLORISTA;AMACIANTE DE ROUPAS +FAMILIA 2L FLORISTA;#03 LIMPEZA - AMACIANTES DE ROUPAS
107395;#03 LIMPEZA - LIMPEZA ROUPAS;AMACIANTE +FAMILIA 2L ROSAS;AMACIANTE DE ROUPAS +FAMILIA 2L ROSAS;#03 LIMPEZA - AMACIANTES DE ROUPAS
133368;#03 LIMPEZA - LIMPEZA ROUPAS;AMAC +FAMILIA ORIG 5 LT;AMACIANTE DE ROUPAS +FAMILIA 5L ORIGINAL;#03 LIMPEZA - AMACIANTES DE ROUPAS
213003;#03 LIMPEZA - LIMPEZA ROUPAS;AMAC COMFORT INTEN CUID ESSENCIAL 1.5L;AMACIANTE DE ROUPAS COMFORT 1,5L INTENSO CUIDADO ESSENCIAL;#03 LIMPEZA - AMACIANTES DE ROUPAS
285689;#03 LIMPEZA - LIMPEZA ROUPAS;AMACIANTE DE ROUPAS TUFF CONCENTRADO 1L LE JARDIM;AMACIANTE DE ROUPAS TUFF 1L CONCENTRADO LE JARDIM;#03 LIMPEZA - AMACIANTES DE ROUPAS
285690;#03 LIMPEZA - LIMPEZA ROUPAS;AMACIANTE DE ROUPAS TUFF CONCENTRADO 1L POEME;AMACIANTE DE ROUPAS TUFF 1L CONCENTRADO POEME;#03 LIMPEZA - AMACIANTES DE ROUPAS
285691;#03 LIMPEZA - LIMPEZA ROUPAS;AMACIANTE DE ROUPAS TUFF CONCENTRADO 1L ROSE PINK;AMACIANTE DE ROUPAS TUFF 1L CONCENTRADO ROSE PINK;#03 LIMPEZA - AMACIANTES DE ROUPAS
285692;#03 LIMPEZA - LIMPEZA ROUPAS;AMACIANTE DE ROUPAS TUFF CONCENTRADO 1L SPLENDOR;AMACIANTE DE ROUPAS TUFF 1L CONCENTRADO SPLENDOR;#03 LIMPEZA - AMACIANTES DE ROUPAS
106711;#03 LIMPEZA - LIMPEZA ROUPAS;AMAC ROUPAS YPÊ 2LT ACONCHEGO;AMACIANTE DE ROUPAS YPÊ 2L ACONCHEGO;#03 LIMPEZA - AMACIANTES DE ROUPAS
181416;#03 LIMPEZA - LIMPEZA ROUPAS;AMAC ROUPAS YPÊ 2L ACONCHEGO L2L PG1,8L;AMACIANTE DE ROUPAS YPÊ 2L ACONCHEGO PROMOCIONAL;#03 LIMPEZA - AMACIANTES DE ROUPAS
245393;#03 LIMPEZA - LIMPEZA ROUPAS;AMACIANTE YPÊ ACONCHEGO L2 P1,6 L;AMACIANTE DE ROUPAS YPÊ 2L ACONCHEGO PROMOCIONAL;#03 LIMPEZA - AMACIANTES DE ROUPAS
107394;#03 LIMPEZA - LIMPEZA ROUPAS;AMAC ROUPAS YPÊ 2L CARINHO;AMACIANTE DE ROUPAS YPÊ 2L CARINHO;#03 LIMPEZA - AMACIANTES DE ROUPAS
107413;#03 LIMPEZA - LIMPEZA ROUPAS;AMACIANTE YPÊ 2L DELICADO BRANCO;AMACIANTE DE ROUPAS YPÊ 2L DELICADO BRANCO;#03 LIMPEZA - AMACIANTES DE ROUPAS
107393;#03 LIMPEZA - LIMPEZA ROUPAS;AMAC ROUPAS YPÊ 2L INTENSO;AMACIANTE DE ROUPAS YPÊ 2L INTENSO;#03 LIMPEZA - AMACIANTES DE ROUPAS
179914;#03 LIMPEZA - LIMPEZA ROUPAS;AMACIANTE YPÊ 2L INTENSO L2L P1,8L;AMACIANTE DE ROUPAS YPÊ 2L INTENSO PROMOCIONAL;#03 LIMPEZA - AMACIANTES DE ROUPAS
106712;#03 LIMPEZA - LIMPEZA ROUPAS;AMAC ROUPAS YPÊ 2LT TERNURA;AMACIANTE DE ROUPAS YPÊ 2L TERNURA;#03 LIMPEZA - AMACIANTES DE ROUPAS
295100;#03 LIMPEZA - LIMPEZA ROUPAS;AMACIANTE FOFO 500ML AZUL TUDAO CONCENTR;AMACIANTE FOFO 500ML AZUL TUDAO CONCENTRADO;#03 LIMPEZA - AMACIANTES DE ROUPAS
139059;#03 LIMPEZA - LIMPEZA ROUPAS;LAVA LOUCAS LIQ YPÊ LIMAO FRASCO 500ML;DETERGENTE LIQUIDO YPÊ 500ML LIMAO;#03 LIMPEZA - DETERGENTES PARA LOUÇAS
195115;#03 LIMPEZA - LIMPEZA ROUPAS;LAVA ROUPAS LIQUIDO TUFF 3L CONC;LAVA ROUPAS LIQUIDO TUFF 3L CONCENTRADO;#03 LIMPEZA - LAVA ROUPAS LÍQUIDO
289451;#03 LIMPEZA - LIMPEZA ROUPAS;SABÃO EM PÓ +CASA 5KG MULTIACAO SACHE;SABÃO EM PÓ +CASA SACHE 5KG MULTIACAO;#03 LIMPEZA - SABÃO EM PÓ
296910;#03 LIMPEZA - LIMPEZA ROUPAS;SABÃO EM PÓ ASSIM 800GR TRIPLACAO FLORAL;SABÃO EM PÓ ASSIM 800G TRIPLACAO FLORAL;#03 LIMPEZA - SABÃO EM PÓ
272300;#03 LIMPEZA - LIMPEZA ROUPAS;SABAO PO ASSIM TRIPLACAO 800GR MICELAR;SABÃO EM PÓ ASSIM 800G TRIPLACAO MICELAR;#03 LIMPEZA - SABÃO EM PÓ
261980;#03 LIMPEZA - LIMPEZA ROUPAS;SABÃO EM PÓ BRILHANTE 1,6KG LIMPEZA TOTA;SABÃO EM PÓ BRILHANTE CAIXA 1,6KG LIMPEZA TOTAL;#03 LIMPEZA - SABÃO EM PÓ
261867;#03 LIMPEZA - LIMPEZA ROUPAS;SABÃO EM PÓ BRILHANTE 1,6KG 150GR GRATIS SA;SABÃO EM PÓ BRILHANTE CAIXA 1,6KG LIMPEZA TOTAL PROMOCIONAL;#03 LIMPEZA - SABÃO EM PÓ
286231;#03 LIMPEZA - LIMPEZA ROUPAS;SABÃO EM PÓ BRILHANTE 1,6KG CX PROMOCION;SABÃO EM PÓ BRILHANTE CAIXA 1,6KG PROMOCIONAL;#03 LIMPEZA - SABÃO EM PÓ
248450;#03 LIMPEZA - LIMPEZA ROUPAS;SABÃO EM PÓ OMO 1,6KG LAVAGEM PERFEITA;SABÃO EM PÓ OMO 1,6KG LAVAGEM PERFEITA;#03 LIMPEZA - SABÃO EM PÓ
215454;#03 LIMPEZA - LIMPEZA ROUPAS;SABÃO EM PÓ OMO LAVAGEM PERFEITA CX 1,6K;SABÃO EM PÓ OMO CAIXA 1,6KG LAVAGEM PERFEITA;#03 LIMPEZA - SABÃO EM PÓ
228234;#03 LIMPEZA - LIMPEZA ROUPAS;SABAO OMO PO LAVAG PERFEIT 800G CAIXA;SABÃO EM PÓ OMO CAIXA 800G LAVAGEM PERFEITA;#03 LIMPEZA - SABÃO EM PÓ
286199;#03 LIMPEZA - LIMPEZA ROUPAS;SABÃO EM PÓ TIXAN YPÊ 800GR MACIEZ CAIXA;SABÃO EM PÓ TIXAN YPÊ CAIXA 800G MACIEZ;#03 LIMPEZA - SABÃO EM PÓ
261083;#03 LIMPEZA - LIMPEZA ROUPAS;SABÃO EM PÓ TIXAN YPÊ 800GR PRIMAVERA CAIXA;SABÃO EM PÓ TIXAN YPÊ CAIXA 800G PRIMAVERA;#03 LIMPEZA - SABÃO EM PÓ
259568;#03 LIMPEZA - LIMPEZA ROUPAS;SABAO EM PO TIXAN YPE 800GR MACIEZ SACHE;SABÃO EM PÓ TIXAN YPE SACHÊ 800G MACIEZ;#03 LIMPEZA - SABÃO EM PÓ
261174;#03 LIMPEZA - LIMPEZA ROUPAS;SABÃO EM PÓ TIXAN YPÊ 800GR PRIMAVERA SA;SABÃO EM PÓ TIXAN YPÊ SACHÊ 800G PRIMAVERA;#03 LIMPEZA - SABÃO EM PÓ
150356;#03 LIMPEZA - LIMPEZA ROUPAS;SABAO LIQUIDO OMO 3L MULTIACAO;SABÃO LIQUIDO OMO 3L MULTIACAO;#03 LIMPEZA - LAVA ROUPAS LÍQUIDO
107928;#04 HIGIENE PESSOAL - BUCAL;CR DENTAL COLGATE MPA 180G;CREME DENTAL COLGATE 180G MPA;#04 HIGIENE PESSOAL - HIGIENE BUCAL
235809;#04 HIGIENE PESSOAL - BUCAL;CR D SORRISO TR LIMP COMP PCO ESP 120G;CREME DENTAL SORRISO 120G TRIPLA LIMPEZA COMPLETA;#04 HIGIENE PESSOAL - HIGIENE BUCAL
313959;#04 HIGIENE PESSOAL - BUCAL;ENXAG BUCAL CEPACOL 500ML CITRUS FUSION;ENXAGUANTE BUCAL CEPACOL 500ML CITRUS FUSION;#04 HIGIENE PESSOAL - HIGIENE BUCAL
304353;#04 HIGIENE PESSOAL - BUCAL;ENXAGUANTE BUCAL CEPACOL 500ML MENTA FUSION;ENXAGUANTE BUCAL CEPACOL 500ML MENTA FUSION;#04 HIGIENE PESSOAL - HIGIENE BUCAL
313958;#04 HIGIENE PESSOAL - BUCAL;ENXAGUANTE BUCAL CEPACOL 500ML MENTA ICE S/ALCO;ENXAGUANTE BUCAL CEPACOL 500ML MENTA ICE SEM ALCO;#04 HIGIENE PESSOAL - HIGIENE BUCAL
276630;#04 HIGIENE PESSOAL - BUCAL;ENXAGUANTE BUCAL CEPACOL 500ML MENTA INT;ENXAGUANTE BUCAL CEPACOL 500ML MENTA INTENSE;#04 HIGIENE PESSOAL - HIGIENE BUCAL
276631;#04 HIGIENE PESSOAL - BUCAL;ENXAGUANTE BUCAL CEPACOL 500ML MENTA PROTECT+FL;ENXAGUANTE BUCAL CEPACOL 500ML MENTA PROTECT + FLUOR;#04 HIGIENE PESSOAL - HIGIENE BUCAL
315319;#04 HIGIENE PESSOAL - BUCAL;ENXAGUE BUCAL CEPACOL LEV 500ML PAG 350M;ENXAGUANTE BUCAL CEPACOL 500ML MENTA SEM ALCOOL PROMOCIONAL;#04 HIGIENE PESSOAL - HIGIENE BUCAL
173970;#04 HIGIENE PESSOAL - CABELOS;CONDICIONADOR BIO EXTRATUS 1L ANTI QUEDA;CONDICIONADOR BIO EXTRATUS 1L ANTI QUEDAS JABORANDI;#04 HIGIENE PESSOAL - CONDICIONADORES
272259;#04 HIGIENE PESSOAL - CABELOS;CONDICIONADOR BIO EXTRATUS 1L FORCA PIME;CONDICIONADOR BIO EXTRATUS 1L FORÇA PIMENTA;#04 HIGIENE PESSOAL - CONDICIONADORES
196851;#04 HIGIENE PESSOAL - CABELOS;CONDICIONADOR NEUTRO 1L VALV TODOS OS TI;CONDICIONADOR BIO EXTRATUS 1L NEUTRO PROTEINAS DO LEITE;#04 HIGIENE PESSOAL - CONDICIONADORES
224859;#04 HIGIENE PESSOAL - CABELOS;CONDICIONADOR POS QUIMICA ABACATE 1LT PO;CONDICIONADOR BIO EXTRATUS 1L POS QUIMICA ABACATE E JOJOBA;#04 HIGIENE PESSOAL - CONDICIONADORES
213540;#04 HIGIENE PESSOAL - CABELOS;COND.TUTANO 1L VALV CABELOS RESSECADOS;CONDICIONADOR BIO EXTRATUS 1L RECECADOS TUTANO E CERAMIDAS;#04 HIGIENE PESSOAL - CONDICIONADORES
168527;#04 HIGIENE PESSOAL - CABELOS;CR.PEN.S.LINE RE.V.REC.INT.1K;CREME DE PENTEAR SALON LINE 1K RECONSTRUÇÃO INTENSA;#04 HIGIENE PESSOAL - CREMES PARA PENTEAR / TRATAMENTO
262566;#04 HIGIENE PESSOAL - CABELOS;CREME DE PENTEAR SALON LINE 1KG AZEITE D;CREME DE PENTEAR SALON LINE 1KG AZEITE DE OLIVA;#04 HIGIENE PESSOAL - CREMES PARA PENTEAR / TRATAMENTO
167527;#04 HIGIENE PESSOAL - CABELOS;CR.PEN.S.LINE RE.V.BR.MAX.1KG;CREME DE PENTEAR SALON LINE 1KG BRILHO MAXIMO;#04 HIGIENE PESSOAL - CREMES PARA PENTEAR / TRATAMENTO
206737;#04 HIGIENE PESSOAL - CABELOS;CR PENT SALON L BRILHO UMIDIF 1KG;CREME DE PENTEAR SALON LINE 1KG BRILHO UMIDIFICADOR;#04 HIGIENE PESSOAL - CREMES PARA PENTEAR / TRATAMENTO
303583;#04 HIGIENE PESSOAL - CABELOS;CREME DE PENTEAR SALON LINE 1KG CACHINHO;CREME DE PENTEAR SALON LINE 1KG CACHINHOS BRILHANTES;#04 HIGIENE PESSOAL - CREMES PARA PENTEAR / TRATAMENTO
313924;#04 HIGIENE PESSOAL - CABELOS;CREME P/PENTEAR SALON LINE 1KG CACH KIDS;CREME DE PENTEAR SALON LINE 1KG CACHOS KIDS;#04 HIGIENE PESSOAL - CREMES PARA PENTEAR / TRATAMENTO
269629;#04 HIGIENE PESSOAL - CABELOS;CREME PENTEAR SALON LINE 1KG DEFINICAO A;CREME DE PENTEAR SALON LINE 1KG DEFINICAO ANTIFRIZZ;#04 HIGIENE PESSOAL - CREMES PARA PENTEAR / TRATAMENTO
295312;#04 HIGIENE PESSOAL - CABELOS;CREME PENTEAR SALON LINE 1KG DEF EXTRAOR;CREME DE PENTEAR SALON LINE 1KG DEFINIÇÃO EXTRAORDINARIA;#04 HIGIENE PESSOAL - CREMES PARA PENTEAR / TRATAMENTO
171341;#04 HIGIENE PESSOAL - CABELOS;CR.PEN.S.LINE DEFI.INTENSA 1KG;CREME DE PENTEAR SALON LINE 1KG DEFINIÇÃO INTENSA;#04 HIGIENE PESSOAL - CREMES PARA PENTEAR / TRATAMENTO
219054;#04 HIGIENE PESSOAL - CABELOS;CR PENT SALON L DEFINICAO MAXIMA LIB 1KG;CREME DE PENTEAR SALON LINE 1KG DEFINICAO MAXIMA LIBERADO;#04 HIGIENE PESSOAL - CREMES PARA PENTEAR / TRATAMENTO
274185;#04 HIGIENE PESSOAL - CABELOS;CREME DE PENTEAR SALONLINE 1KG DEFINICAO;CREME DE PENTEAR SALON LINE 1KG DEFINICAO NATURAL;#04 HIGIENE PESSOAL - CREMES PARA PENTEAR / TRATAMENTO
316174;#04 HIGIENE PESSOAL - CABELOS;CREME PENTEAR SALON LINE 1KG DEFINICAO N;CREME DE PENTEAR SALON LINE 1KG DEFINICAO NUTRITIVA;#04 HIGIENE PESSOAL - CREMES PARA PENTEAR / TRATAMENTO
303582;#04 HIGIENE PESSOAL - CABELOS;CREME DE PENTEAR SALON LINE 1KG LINHACA;CREME DE PENTEAR SALON LINE 1KG DEFINIÇÃO ULTRA VOLUME;#04 HIGIENE PESSOAL - CREMES PARA PENTEAR / TRATAMENTO
167528;#04 HIGIENE PESSOAL - CABELOS;CREME PENTEAR SALON LINE 1KG HIDRATACAO;CREME DE PENTEAR SALON LINE 1KG HIDRATACAO PROFUNDA;#04 HIGIENE PESSOAL - CREMES PARA PENTEAR / TRATAMENTO
280872;#04 HIGIENE PESSOAL - CABELOS;CREME PENTEAR SALON LINE 1KG KIDS CACHIN;CREME DE PENTEAR SALON LINE 1KG KIDS CACHINHOS;#04 HIGIENE PESSOAL - CREMES PARA PENTEAR / TRATAMENTO
316170;#04 HIGIENE PESSOAL - CABELOS;CREME PENTEAR SALON LINE 1KG KIDS CHOCOL;CREME DE PENTEAR SALON LINE 1KG KIDS CHOCOLATE;#04 HIGIENE PESSOAL - CREMES PARA PENTEAR / TRATAMENTO
171343;#04 HIGIENE PESSOAL - CABELOS;CR.PEN.S.LINE NUTR.REPARAD.1KG;CREME DE PENTEAR SALON LINE 1KG NUTRIÇÃO REPARADORA;#04 HIGIENE PESSOAL - CREMES PARA PENTEAR / TRATAMENTO
224567;#04 HIGIENE PESSOAL - CABELOS;CR PENTEAR INF SL SOS KIDS C DEFINIDOS 1;CREME DE PENTEAR SALON LINE 1KG SOS KIDS CAIXOS DEFINIDOS;#04 HIGIENE PESSOAL - CREMES PARA PENTEAR / TRATAMENTO
294213;#04 HIGIENE PESSOAL - CABELOS;CREME PENTEAR SALONLINE 1KG TRAT PROLONG;CREME DE PENTEAR SALON LINE 1KG TRATAMENTO PROLONGADO;#04 HIGIENE PESSOAL - CREMES PARA PENTEAR / TRATAMENTO
106712;#03 LIMPEZA - LIMPEZA ROUPAS;AMAC ROUPAS YPÊ 2LT TERNURA;AMACIANTE DE ROUPAS YPÊ 2L TERNURA;#03 LIMPEZA - AMACIANTES DE ROUPAS
295100;#03 LIMPEZA - LIMPEZA ROUPAS;AMACIANTE FOFO 500ML AZUL TUDAO CONCENTR;AMACIANTE FOFO 500ML AZUL TUDAO CONCENTRADO;#03 LIMPEZA - AMACIANTES DE ROUPAS
139059;#03 LIMPEZA - LIMPEZA ROUPAS;LAVA LOUCAS LIQ YPÊ LIMAO FRASCO 500ML;DETERGENTE LIQUIDO YPÊ 500ML LIMAO;#03 LIMPEZA - DETERGENTES PARA LOUÇAS
195115;#03 LIMPEZA - LIMPEZA ROUPAS;LAVA ROUPAS LIQUIDO TUFF 3L CONC;LAVA ROUPAS LIQUIDO TUFF 3L CONCENTRADO;#03 LIMPEZA - LAVA ROUPAS LÍQUIDO
289451;#03 LIMPEZA - LIMPEZA ROUPAS;SABÃO EM PÓ +CASA 5KG MULTIACAO SACHE;SABÃO EM PÓ +CASA SACHE 5KG MULTIACAO;#03 LIMPEZA - SABÃO EM PÓ
296910;#03 LIMPEZA - LIMPEZA ROUPAS;SABÃO EM PÓ ASSIM 800GR TRIPLACAO FLORAL;SABÃO EM PÓ ASSIM 800G TRIPLACAO FLORAL;#03 LIMPEZA - SABÃO EM PÓ
272300;#03 LIMPEZA - LIMPEZA ROUPAS;SABAO PO ASSIM TRIPLACAO 800GR MICELAR;SABÃO EM PÓ ASSIM 800G TRIPLACAO MICELAR;#03 LIMPEZA - SABÃO EM PÓ
261980;#03 LIMPEZA - LIMPEZA ROUPAS;SABÃO EM PÓ BRILHANTE 1,6KG LIMPEZA TOTA;SABÃO EM PÓ BRILHANTE CAIXA 1,6KG LIMPEZA TOTAL;#03 LIMPEZA - SABÃO EM PÓ
261867;#03 LIMPEZA - LIMPEZA ROUPAS;SABÃO EM PÓ BRILHANTE 1,6KG 150GR GRATIS SA;SABÃO EM PÓ BRILHANTE CAIXA 1,6KG LIMPEZA TOTAL PROMOCIONAL;#03 LIMPEZA - SABÃO EM PÓ
286231;#03 LIMPEZA - LIMPEZA ROUPAS;SABÃO EM PÓ BRILHANTE 1,6KG CX PROMOCION;SABÃO EM PÓ BRILHANTE CAIXA 1,6KG PROMOCIONAL;#03 LIMPEZA - SABÃO EM PÓ
248450;#03 LIMPEZA - LIMPEZA ROUPAS;SABÃO EM PÓ OMO 1,6KG LAVAGEM PERFEITA;SABÃO EM PÓ OMO 1,6KG LAVAGEM PERFEITA;#03 LIMPEZA - SABÃO EM PÓ
215454;#03 LIMPEZA - LIMPEZA ROUPAS;SABÃO EM PÓ OMO LAVAGEM PERFEITA CX 1,6K;SABÃO EM PÓ OMO CAIXA 1,6KG LAVAGEM PERFEITA;#03 LIMPEZA - SABÃO EM PÓ
228234;#03 LIMPEZA - LIMPEZA ROUPAS;SABAO OMO PO LAVAG PERFEIT 800G CAIXA;SABÃO EM PÓ OMO CAIXA 800G LAVAGEM PERFEITA;#03 LIMPEZA - SABÃO EM PÓ
286199;#03 LIMPEZA - LIMPEZA ROUPAS;SABÃO EM PÓ TIXAN YPÊ 800GR MACIEZ CAIXA;SABÃO EM PÓ TIXAN YPÊ CAIXA 800G MACIEZ;#03 LIMPEZA - SABÃO EM PÓ
261083;#03 LIMPEZA - LIMPEZA ROUPAS;SABÃO EM PÓ TIXAN YPÊ 800GR PRIMAVERA CAIXA;SABÃO EM PÓ TIXAN YPÊ CAIXA 800G PRIMAVERA;#03 LIMPEZA - SABÃO EM PÓ
259568;#03 LIMPEZA - LIMPEZA ROUPAS;SABAO EM PO TIXAN YPE 800GR MACIEZ SACHE;SABÃO EM PÓ TIXAN YPE SACHÊ 800G MACIEZ;#03 LIMPEZA - SABÃO EM PÓ
261174;#03 LIMPEZA - LIMPEZA ROUPAS;SABÃO EM PÓ TIXAN YPÊ 800GR PRIMAVERA SA;SABÃO EM PÓ TIXAN YPÊ SACHÊ 800G PRIMAVERA;#03 LIMPEZA - SABÃO EM PÓ
150356;#03 LIMPEZA - LIMPEZA ROUPAS;SABAO LIQUIDO OMO 3L MULTIACAO;SABÃO LIQUIDO OMO 3L MULTIACAO;#03 LIMPEZA - LAVA ROUPAS LÍQUIDO
107928;#04 HIGIENE PESSOAL - BUCAL;CR DENTAL COLGATE MPA 180G;CREME DENTAL COLGATE 180G MPA;#04 HIGIENE PESSOAL - HIGIENE BUCAL
235809;#04 HIGIENE PESSOAL - BUCAL;CR D SORRISO TR LIMP COMP PCO ESP 120G;CREME DENTAL SORRISO 120G TRIPLA LIMPEZA COMPLETA;#04 HIGIENE PESSOAL - HIGIENE BUCAL
313959;#04 HIGIENE PESSOAL - BUCAL;ENXAG BUCAL CEPACOL 500ML CITRUS FUSION;ENXAGUANTE BUCAL CEPACOL 500ML CITRUS FUSION;#04 HIGIENE PESSOAL - HIGIENE BUCAL
304353;#04 HIGIENE PESSOAL - BUCAL;ENXAGUANTE BUCAL CEPACOL 500ML MENTA FUSION;ENXAGUANTE BUCAL CEPACOL 500ML MENTA FUSION;#04 HIGIENE PESSOAL - HIGIENE BUCAL
313958;#04 HIGIENE PESSOAL - BUCAL;ENXAGUANTE BUCAL CEPACOL 500ML MENTA ICE S/ALCO;ENXAGUANTE BUCAL CEPACOL 500ML MENTA ICE SEM ALCO;#04 HIGIENE PESSOAL - HIGIENE BUCAL
276630;#04 HIGIENE PESSOAL - BUCAL;ENXAGUANTE BUCAL CEPACOL 500ML MENTA INT;ENXAGUANTE BUCAL CEPACOL 500ML MENTA INTENSE;#04 HIGIENE PESSOAL - HIGIENE BUCAL
276631;#04 HIGIENE PESSOAL - BUCAL;ENXAGUANTE BUCAL CEPACOL 500ML MENTA PROTECT+FL;ENXAGUANTE BUCAL CEPACOL 500ML MENTA PROTECT + FLUOR;#04 HIGIENE PESSOAL - HIGIENE BUCAL
315319;#04 HIGIENE PESSOAL - BUCAL;ENXAGUE BUCAL CEPACOL LEV 500ML PAG 350M;ENXAGUANTE BUCAL CEPACOL 500ML MENTA SEM ALCOOL PROMOCIONAL;#04 HIGIENE PESSOAL - HIGIENE BUCAL
173970;#04 HIGIENE PESSOAL - CABELOS;CONDICIONADOR BIO EXTRATUS 1L ANTI QUEDA;CONDICIONADOR BIO EXTRATUS 1L ANTI QUEDAS JABORANDI;#04 HIGIENE PESSOAL - CONDICIONADORES
272259;#04 HIGIENE PESSOAL - CABELOS;CONDICIONADOR BIO EXTRATUS 1L FORCA PIME;CONDICIONADOR BIO EXTRATUS 1L FORÇA PIMENTA;#04 HIGIENE PESSOAL - CONDICIONADORES
196851;#04 HIGIENE PESSOAL - CABELOS;CONDICIONADOR NEUTRO 1L VALV TODOS OS TI;CONDICIONADOR BIO EXTRATUS 1L NEUTRO PROTEINAS DO LEITE;#04 HIGIENE PESSOAL - CONDICIONADORES
224859;#04 HIGIENE PESSOAL - CABELOS;CONDICIONADOR POS QUIMICA ABACATE 1LT PO;CONDICIONADOR BIO EXTRATUS 1L POS QUIMICA ABACATE E JOJOBA;#04 HIGIENE PESSOAL - CONDICIONADORES
213540;#04 HIGIENE PESSOAL - CABELOS;COND.TUTANO 1L VALV CABELOS RESSECADOS;CONDICIONADOR BIO EXTRATUS 1L RECECADOS TUTANO E CERAMIDAS;#04 HIGIENE PESSOAL - CONDICIONADORES
168527;#04 HIGIENE PESSOAL - CABELOS;CR.PEN.S.LINE RE.V.REC.INT.1K;CREME DE PENTEAR SALON LINE 1K RECONSTRUÇÃO INTENSA;#04 HIGIENE PESSOAL - CREMES PARA PENTEAR / TRATAMENTO
262566;#04 HIGIENE PESSOAL - CABELOS;CREME DE PENTEAR SALON LINE 1KG AZEITE D;CREME DE PENTEAR SALON LINE 1KG AZEITE DE OLIVA;#04 HIGIENE PESSOAL - CREMES PARA PENTEAR / TRATAMENTO
167527;#04 HIGIENE PESSOAL - CABELOS;CR.PEN.S.LINE RE.V.BR.MAX.1KG;CREME DE PENTEAR SALON LINE 1KG BRILHO MAXIMO;#04 HIGIENE PESSOAL - CREMES PARA PENTEAR / TRATAMENTO
206737;#04 HIGIENE PESSOAL - CABELOS;CR PENT SALON L BRILHO UMIDIF 1KG;CREME DE PENTEAR SALON LINE 1KG BRILHO UMIDIFICADOR;#04 HIGIENE PESSOAL - CREMES PARA PENTEAR / TRATAMENTO
303583;#04 HIGIENE PESSOAL - CABELOS;CREME DE PENTEAR SALON LINE 1KG CACHINHO;CREME DE PENTEAR SALON LINE 1KG CACHINHOS BRILHANTES;#04 HIGIENE PESSOAL - CREMES PARA PENTEAR / TRATAMENTO
313924;#04 HIGIENE PESSOAL - CABELOS;CREME P/PENTEAR SALON LINE 1KG CACH KIDS;CREME DE PENTEAR SALON LINE 1KG CACHOS KIDS;#04 HIGIENE PESSOAL - CREMES PARA PENTEAR / TRATAMENTO
269629;#04 HIGIENE PESSOAL - CABELOS;CREME PENTEAR SALON LINE 1KG DEFINICAO A;CREME DE PENTEAR SALON LINE 1KG DEFINICAO ANTIFRIZZ;#04 HIGIENE PESSOAL - CREMES PARA PENTEAR / TRATAMENTO
295312;#04 HIGIENE PESSOAL - CABELOS;CREME PENTEAR SALON LINE 1KG DEF EXTRAOR;CREME DE PENTEAR SALON LINE 1KG DEFINIÇÃO EXTRAORDINARIA;#04 HIGIENE PESSOAL - CREMES PARA PENTEAR / TRATAMENTO
171341;#04 HIGIENE PESSOAL - CABELOS;CR.PEN.S.LINE DEFI.INTENSA 1KG;CREME DE PENTEAR SALON LINE 1KG DEFINIÇÃO INTENSA;#04 HIGIENE PESSOAL - CREMES PARA PENTEAR / TRATAMENTO
219054;#04 HIGIENE PESSOAL - CABELOS;CR PENT SALON L DEFINICAO MAXIMA LIB 1KG;CREME DE PENTEAR SALON LINE 1KG DEFINICAO MAXIMA LIBERADO;#04 HIGIENE PESSOAL - CREMES PARA PENTEAR / TRATAMENTO
274185;#04 HIGIENE PESSOAL - CABELOS;CREME DE PENTEAR SALONLINE 1KG DEFINICAO;CREME DE PENTEAR SALON LINE 1KG DEFINICAO NATURAL;#04 HIGIENE PESSOAL - CREMES PARA PENTEAR / TRATAMENTO
316174;#04 HIGIENE PESSOAL - CABELOS;CREME PENTEAR SALON LINE 1KG DEFINICAO N;CREME DE PENTEAR SALON LINE 1KG DEFINICAO NUTRITIVA;#04 HIGIENE PESSOAL - CREMES PARA PENTEAR / TRATAMENTO
303582;#04 HIGIENE PESSOAL - CABELOS;CREME DE PENTEAR SALON LINE 1KG LINHACA;CREME DE PENTEAR SALON LINE 1KG DEFINIÇÃO ULTRA VOLUME;#04 HIGIENE PESSOAL - CREMES PARA PENTEAR / TRATAMENTO
167528;#04 HIGIENE PESSOAL - CABELOS;CREME PENTEAR SALON LINE 1KG HIDRATACAO;CREME DE PENTEAR SALON LINE 1KG HIDRATACAO PROFUNDA;#04 HIGIENE PESSOAL - CREMES PARA PENTEAR / TRATAMENTO
280872;#04 HIGIENE PESSOAL - CABELOS;CREME PENTEAR SALON LINE 1KG KIDS CACHIN;CREME DE PENTEAR SALON LINE 1KG KIDS CACHINHOS;#04 HIGIENE PESSOAL - CREMES PARA PENTEAR / TRATAMENTO
316170;#04 HIGIENE PESSOAL - CABELOS;CREME PENTEAR SALON LINE 1KG KIDS CHOCOL;CREME DE PENTEAR SALON LINE 1KG KIDS CHOCOLATE;#04 HIGIENE PESSOAL - CREMES PARA PENTEAR / TRATAMENTO
171343;#04 HIGIENE PESSOAL - CABELOS;CR.PEN.S.LINE NUTR.REPARAD.1KG;CREME DE PENTEAR SALON LINE 1KG NUTRIÇÃO REPARADORA;#04 HIGIENE PESSOAL - CREMES PARA PENTEAR / TRATAMENTO
224567;#04 HIGIENE PESSOAL - CABELOS;CR PENTEAR INF SL SOS KIDS C DEFINIDOS 1;CREME DE PENTEAR SALON LINE 1KG SOS KIDS CAIXOS DEFINIDOS;#04 HIGIENE PESSOAL - CREMES PARA PENTEAR / TRATAMENTO
294213;#04 HIGIENE PESSOAL - CABELOS;CREME PENTEAR SALONLINE 1KG TRAT PROLONG;CREME DE PENTEAR SALON LINE 1KG TRATAMENTO PROLONGADO;#04 HIGIENE PESSOAL - CREMES PARA PENTEAR / TRATAMENTO
211157;#04 HIGIENE PESSOAL - CABELOS;CR PENT SALON L SUPER ÓLEOS 1L;CREME DE PENTEAR SALON LINE 1L SUPER ÓLEOS;#04 HIGIENE PESSOAL - CREMES PARA PENTEAR / TRATAMENTO
170616;#04 HIGIENE PESSOAL - CABELOS;CREME CAPILAR NIELY GOLD 430GR CO.N. 43;CREME DE TRATAMENTO CAPILAR NIELY GOLD 430G;#04 HIGIENE PESSOAL - CREMES DE TRATAMENTO CAPILAR
284786;#04 HIGIENE PESSOAL - CABELOS;CREME DE TRATAMENTO NIELY GOLD 430G CACH;CREME DE TRATAMENTO CAPILAR NIELY GOLD 430G CACHOS;#04 HIGIENE PESSOAL - CREMES DE TRATAMENTO CAPILAR
196735;#04 HIGIENE PESSOAL - CABELOS;NIELY GOLD - CR TRAT 430G COMPRIDOS+FORT;CREME DE TRATAMENTO CAPILAR NIELY GOLD 430G COMPRIDOS + FORTES;#04 HIGIENE PESSOAL - CREMES DE TRATAMENTO CAPILAR
255028;#04 HIGIENE PESSOAL - CABELOS;NIELY GOLD - CR TRAT 430G DETOX;CREME DE TRATAMENTO CAPILAR NIELY GOLD 430G DETOX;#04 HIGIENE PESSOAL - CREMES DE TRATAMENTO CAPILAR
213094;#04 HIGIENE PESSOAL - CABELOS;CR TRAT NIELY GOLD 430G HIDR AGUA COCO;CREME DE TRATAMENTO CAPILAR NIELY GOLD 430G HIDR AGUA COCO;#04 HIGIENE PESSOAL - CREMES DE TRATAMENTO CAPILAR
165646;#04 HIGIENE PESSOAL - CABELOS;CREME HIDRATANTE NIELY 430GR GOLD LISO P;CREME DE TRATAMENTO CAPILAR NIELY GOLD 430G LISO PROLONGADO;#04 HIGIENE PESSOAL - CREMES DE TRATAMENTO CAPILAR
180045;#04 HIGIENE PESSOAL - CABELOS;NIELY GOLD CCT 430G MEGA BRILHO;CREME DE TRATAMENTO CAPILAR NIELY GOLD 430G MEGA BRILHO;#04 HIGIENE PESSOAL - CREMES DE TRATAMENTO CAPILAR
163627;#04 HIGIENE PESSOAL - CABELOS;NIELY GOLD CCT 430G NUTRICAO PODEROSA;CREME DE TRATAMENTO CAPILAR NIELY GOLD 430G NUTRICAO PODEROSA;#04 HIGIENE PESSOAL - CREMES DE TRATAMENTO CAPILAR
163614;#04 HIGIENE PESSOAL - CABELOS;CREME CAPILAR NIELY GOLD 430GR POS QUIMI;CREME DE TRATAMENTO CAPILAR NIELY GOLD 430G POS QUIMICA ÓLEO DE ARGAN;#04 HIGIENE PESSOAL - CREMES DE TRATAMENTO CAPILAR
312363;#04 HIGIENE PESSOAL - CABELOS;CR TRAT NIELY GOLD 430GR SALVA FIOS;CREME DE TRATAMENTO CAPILAR NIELY GOLD 430G SALVA FIOS;#04 HIGIENE PESSOAL - CREMES DE TRATAMENTO CAPILAR
109002;#04 HIGIENE PESSOAL - CABELOS;CR DENTAL SORRISO DENTES BRANCO 180G DEN;CREME DENTAL SORRISO 180G DENTES BRANCOS;#04 HIGIENE PESSOAL - HIGIENE BUCAL
174473;#04 HIGIENE PESSOAL - CABELOS;CREME SALON LINE 550GR TODECACHO SUPER D;CREME SALON LINE 550G TODECACHO SUPER DEFINIÇÃO;#04 HIGIENE PESSOAL - CREMES PARA PENTEAR / TRATAMENTO
316179;#04 HIGIENE PESSOAL - CABELOS;GELACREME SALON LINE 500GR TO DE CACHOS;GELATINA CAPILAR SALON LINE 500G GELACREME TO DE CACHOS FIXAÇÃO ULTRA;#04 HIGIENE PESSOAL - FINALIZADORES CAPILARES
316180;#04 HIGIENE PESSOAL - CABELOS;GELACREME SALON LINE 500GR TO DE CACHOS;GELATINA CAPILAR SALON LINE 500G GELACREME TO DE CACHOS MISTURA;#04 HIGIENE PESSOAL - FINALIZADORES CAPILARES
313925;#04 HIGIENE PESSOAL - CABELOS;GELATINA CAPILAR SALON LINE 500GR TO DE;GELATINA CAPILAR SALON LINE 500G TO DE KIDS MELÃO;#04 HIGIENE PESSOAL - FINALIZADORES CAPILARES
321780;#04 HIGIENE PESSOAL - CABELOS;GELATINA CAPILAR KIDS SALON LINE 550GR C;GELATINA CAPILAR SALON LINE 550G CHOCOLATE;#04 HIGIENE PESSOAL - FINALIZADORES CAPILARES
286468;#04 HIGIENE PESSOAL - CABELOS;GELATINA SALON LINE 550GR ESTILIZACAO;GELATINA CAPILAR SALON LINE 550G ESTILIZACAO;#04 HIGIENE PESSOAL - FINALIZADORES CAPILARES
300477;#04 HIGIENE PESSOAL - CABELOS;GELAT CAPIL SALON LINE 550G FORTALECEDOR;GELATINA CAPILAR SALON LINE 550G FORTALECEDORA;#04 HIGIENE PESSOAL - FINALIZADORES CAPILARES
303581;#04 HIGIENE PESSOAL - CABELOS;GELATINA CAPILAR SALON LINE 550GR MODELA;GELATINA CAPILAR SALON LINE 550G MODELADORA KIDS MELANCIA;#04 HIGIENE PESSOAL - FINALIZADORES CAPILARES
303580;#04 HIGIENE PESSOAL - CABELOS;GELATINA CAPILAR SALON LINE 550GR MODELA;GELATINA CAPILAR SALON LINE 550G MODELADORA KIDS UVA;#04 HIGIENE PESSOAL - FINALIZADORES CAPILARES
256362;#04 HIGIENE PESSOAL - CABELOS;SALON CR TRAT #TODECACHO 550G GELAT BABO;GELATINA CAPILAR SALON LINE 550G TO DE CACHO BABOSA;#04 HIGIENE PESSOAL - FINALIZADORES CAPILARES
189049;#04 HIGIENE PESSOAL - CABELOS;GELATINA TO D CACHO SALON LIN 550GR;GELATINA CAPILAR SALON LINE 550G TO DE CACHO GELATINA;#04 HIGIENE PESSOAL - FINALIZADORES CAPILARES
313926;#04 HIGIENE PESSOAL - CABELOS;GELATINA CAPILAR SALON LINE 550GR TO DE;GELATINA CAPILAR SALON LINE 550G TO DE CACHO KIDS MARACUJA;#04 HIGIENE PESSOAL - FINALIZADORES CAPILARES
316166;#04 HIGIENE PESSOAL - CABELOS;GELATINA SALON LINE TO DE CACHO 550GR ME;GELATINA CAPILAR SALON LINE 550G TO DE CACHO MELANCIA;#04 HIGIENE PESSOAL - FINALIZADORES CAPILARES
300469;#04 HIGIENE PESSOAL - CABELOS;GELATINA CAPIL SALON LINE 550G NUTRITIVA;GELATINA CAPILAR SALON LINE 550G TO DE CACHO NUTRITIVA;#04 HIGIENE PESSOAL - FINALIZADORES CAPILARES
254215;#04 HIGIENE PESSOAL - CABELOS;SALON CR TRAT #TODECACHO 550G GELAT RICI;GELATINA CAPILAR SALON LINE 550G TO DE CACHO RICINO;#04 HIGIENE PESSOAL - FINALIZADORES CAPILARES
231570;#04 HIGIENE PESSOAL - CABELOS;KIT SH + COND HASKELL MANDIOCA 500ML;KIT SHAMPOO + CONDICIONADOR HASKELL 500ML MANDIOCA;#04 HIGIENE PESSOAL - KITS CAPILARES
293779;#04 HIGIENE PESSOAL - CABELOS;KIT HASKELL SHAMPOO 500ML+ CONDICIONADOR;KIT SHAMPOO + CONDICIONADOR HASKELL 500ML MURUMURU;#04 HIGIENE PESSOAL - KITS CAPILARES
308560;#04 HIGIENE PESSOAL - CABELOS;KIT SHAMP+COND NIELY GOLD 275ML/175ML SA;KIT SHAMPOO + CONDICONADOR NIELY GOLD 275ML / 175ML SALVA FIOS;#04 HIGIENE PESSOAL - KITS CAPILARES
214327;#04 HIGIENE PESSOAL - CABELOS;KIT SHAMPOO + CONDICONADOR NIELY GOLD HIDRA AGUA COCO;KIT SHAMPOO + CONDICONADOR NIELY GOLD 300ML / 200ML HIDRATANTE AGUA COCO;#04 HIGIENE PESSOAL - KITS CAPILARES
110941;#04 HIGIENE PESSOAL - CABELOS;KIT SHAMPOO + CONDICONADOR NIELY GOLD QUERATINAQUERATIN;KIT SHAMPOO + CONDICONADOR NIELY GOLD 300ML / 200ML QUERATINA REPARAÇÃO;#04 HIGIENE PESSOAL - KITS CAPILARES
110487;#04 HIGIENE PESSOAL - CABELOS;KIT SH+CONDIC NIELY GOLD. LISO PROLONGAD;KIT SHAMPOO + CONDICONADOR NIELY GOLD 300ML / 500ML LISO PROLONGADADO;#04 HIGIENE PESSOAL - KITS CAPILARES
122533;#04 HIGIENE PESSOAL - CABELOS;KIT SH+CONDIC NIELY GOLD. ÓLEO DE ARGAN;KIT SHAMPOO + CONDICONADOR NIELY GOLD 300ML ÓLEO DE ARGAN;#04 HIGIENE PESSOAL - KITS CAPILARES
277148;#04 HIGIENE PESSOAL - CABELOS;KIT SHAMPOO + CONDICONADOR NIELY GOLD CACHOS 450ML DEF;KIT SHAMPOO + CONDICONADOR NIELY GOLD 450ML DEFESA PROLONGADA;#04 HIGIENE PESSOAL - KITS CAPILARES
200175;#04 HIGIENE PESSOAL - CABELOS;KIT SHAMPOO + CONDICONADOR NIELY GOLD COMP E FORTES 500;KIT SHAMPOO + CONDICONADOR NIELY GOLD 500ML / 200ML COMPRIDOS E FORTES;#04 HIGIENE PESSOAL - KITS CAPILARES
162945;#04 HIGIENE PESSOAL - CABELOS;SH CONDIC N GOLD NUTR PODER;KIT SHAMPOO + CONDICONADOR NIELY GOLD NUTRIÇÃO PODER 500ML;#04 HIGIENE PESSOAL - KITS CAPILARES
176209;#04 HIGIENE PESSOAL - CABELOS;SHAMPOO JABORANDI 1L VALV ANTIQUEDA;SHAMPOO BIO EXTRATUS 1L ANTIQUEDA JABORANDI;#04 HIGIENE PESSOAL - SHAMPOOS
272258;#04 HIGIENE PESSOAL - CABELOS;SHAMPOO BIO EXTRATUS 1L FORCA PIMENTA;SHAMPOO BIO EXTRATUS 1L FORCA PIMENTA;#04 HIGIENE PESSOAL - SHAMPOOS
200141;#04 HIGIENE PESSOAL - CABELOS;SHAMPOO NEUTRO 1L VALV TODOS OS TIPOS DE;SHAMPOO BIO EXTRATUS 1L NEUTRO PEROLADO;#04 HIGIENE PESSOAL - SHAMPOOS
224856;#04 HIGIENE PESSOAL - CABELOS;SHAMPOO POS QUIMICA ABACATE 1LT POS QUIM;SHAMPOO BIO EXTRATUS 1L POS QUIMICA ABACATE;#04 HIGIENE PESSOAL - SHAMPOOS
213539;#04 HIGIENE PESSOAL - CABELOS;SHAMPOO TUTANO 1L VALV CABELOS RESSECADO;SHAMPOO BIO EXTRATUS 1L TUTANO CERAMIDAS;#04 HIGIENE PESSOAL - SHAMPOOS
281726;#04 HIGIENE PESSOAL - DESODORANTE;CREME DESODORANTE HERBISSIMO 45GR LAVAND;DESODORANTE HERBISSIMO STICK CREME 45G LAVANDA;#04 HIGIENE PESSOAL - DESODORANTES
207427;#04 HIGIENE PESSOAL - INTIMA;ABSORVENTE COTONBABY LADY SEM ABAS C/8UN;ABSORVENTE COTONBABY LADY 8UN SEM ABAS;#04 HIGIENE PESSOAL - HIGIENE ÍNTIMA FEMININA
109064;#04 HIGIENE PESSOAL - INTIMA;ABS INTIMUS GEL NOTURNO SECA C/ ABAS 8;ABSORVENTE INTIMUS GEL 8UN NOTURNO SECA COM ABAS;#04 HIGIENE PESSOAL - HIGIENE ÍNTIMA FEMININA
135954;#04 HIGIENE PESSOAL - INTIMA;ABS INTIMUS GEL NOTURNO SUAVE C/ABAS 8UN;ABSORVENTE INTIMUS GEL 8UN NOTURNO SUAVE COM ABAS;#04 HIGIENE PESSOAL - HIGIENE ÍNTIMA FEMININA
304108;#04 HIGIENE PESSOAL - INTIMA;PAPEL HIGIENICO LEBLON SOFT BLANC 12 ROL;PAPEL HIGIENICO LEBLON 12 X 20M SOFT BLANC;#04 HIGIENE PESSOAL - PAPEL HIGIÊNICO
316048;#04 HIGIENE PESSOAL - INTIMA;PAPEL HIGIENICO LEBLON 30M L12P11 SOFT B;PAPEL HIGIENICO LEBLON 12 X 30M PROMOCIONAL SOFT B;#04 HIGIENE PESSOAL - PAPEL HIGIÊNICO
236651;#04 HIGIENE PESSOAL - INTIMA;PAPEL HIGIENICO NOBLE 12X20M;PAPEL HIGIENICO NOBLE 12 X 20M;#04 HIGIENE PESSOAL - PAPEL HIGIÊNICO
322795;#04 HIGIENE PESSOAL - INTIMA;PAPEL HIGIENICO ONDUNORTE ROSE NT 6X12 (;PAPEL HIGIENICO ONDUNORTE 12 X 20M ROSE NT;#04 HIGIENE PESSOAL - PAPEL HIGIÊNICO
182034;#04 HIGIENE PESSOAL - PESSOAL;DESODORANTE DOVE AEROSOL ORIGINAL 150ML;DESODORANTE DOVE AEROSOL ORIGINAL 150ML;#04 HIGIENE PESSOAL - DESODORANTES
287599;#04 HIGIENE PESSOAL - PESSOAL;DESODORANTE HERBISSIMO CREME 55GR CREME ACTION;DESODORANTE HERBISSIMO CREME 55G ACTION;#04 HIGIENE PESSOAL - DESODORANTES
117576;#04 HIGIENE PESSOAL - PESSOAL;DESODORANTE HERBISSIMO 55GR ANTIPERSPIRA;DESODORANTE HERBISSIMO CREME 55G ANTIPERSPIRANTE;#04 HIGIENE PESSOAL - DESODORANTES
230503;#04 HIGIENE PESSOAL - PESSOAL;DESODORANTE HERBISSIMO CREME CX CEDRO 55G;DESODORANTE HERBISSIMO CREME 55G CX CEDRO;#04 HIGIENE PESSOAL - DESODORANTES
109683;#04 HIGIENE PESSOAL - PESSOAL;DESODORANTE HERBISSIMO CREME 55GR CREME FRESH;DESODORANTE HERBISSIMO CREME 55G FRESH;#04 HIGIENE PESSOAL - DESODORANTES
230504;#04 HIGIENE PESSOAL - PESSOAL;DESODORANTE HERBISSIMO CREME HIBIS 55G;DESODORANTE HERBISSIMO CREME 55G HIBISCO;#04 HIGIENE PESSOAL - DESODORANTES
314034;#04 HIGIENE PESSOAL - PESSOAL;DESODORANTE HERBISSIMO CREME 55GR LAVAND;DESODORANTE HERBISSIMO CREME 55G LAVANDA;#04 HIGIENE PESSOAL - DESODORANTES
281777;#04 HIGIENE PESSOAL - PESSOAL;DESODORANTE HERBISSIMO CREME 55GR CREME NEUTRO;DESODORANTE HERBISSIMO CREME 55G NEUTRO;#04 HIGIENE PESSOAL - DESODORANTES
117258;#04 HIGIENE PESSOAL - PESSOAL;DESODORANTE HERBISSIMO CREME SENSITIVE 55GR;DESODORANTE HERBISSIMO CREME 55G SENSITIVE;#04 HIGIENE PESSOAL - DESODORANTES
117425;#04 HIGIENE PESSOAL - PESSOAL;DESODORANTE HERBISSIMO CREME 55GR TALCO;DESODORANTE HERBISSIMO CREME 55G TALCO;#04 HIGIENE PESSOAL - DESODORANTES
294752;#04 HIGIENE PESSOAL - PESSOAL;DESODORANTE HERBISSIMO CREME 55GR CREME TRADICIONAL;DESODORANTE HERBISSIMO CREME 55G TRADICIONAL;#04 HIGIENE PESSOAL - DESODORANTES
314368;#04 HIGIENE PESSOAL - PESSOAL;DESODORANTE HERBISSIMO 45GR SITCK BIO PR;DESODORANTE HERBISSIMO STICK CREME 45G BIO PROTECT;#04 HIGIENE PESSOAL - DESODORANTES
109593;#04 HIGIENE PESSOAL - PESSOAL;DESODORANTE HERBISSIMO CREME STICK 45GR NEUTRO;DESODORANTE HERBISSIMO STICK CREME 45G NEUTRO;#04 HIGIENE PESSOAL - DESODORANTES
313968;#04 HIGIENE PESSOAL - PESSOAL;DESODORANTE HERBISSIMO CREME 45GR STICK;DESODORANTE HERBISSIMO STICK CREME 45G SENSITIVE;#04 HIGIENE PESSOAL - DESODORANTES
297811;#04 HIGIENE PESSOAL - PESSOAL;DESODORANTE HERBISSIMO 45GR CREME TWIST;DESODORANTE HERBISSIMO STICK CREME 45G TWIST;#04 HIGIENE PESSOAL - DESODORANTES
309354;#04 HIGIENE PESSOAL - PESSOAL;DESODORANTE HERBISSIMO CREME 45GR VANILL;DESODORANTE HERBISSIMO STICK CREME 45G VANILLA;#04 HIGIENE PESSOAL - DESODORANTES
292040;#04 HIGIENE PESSOAL - PESSOAL;DESODORANTE MONANGE 150GR AEROSOL ESPORT;DESODORANTE MONANGE AEROSOL 150G ESPORTE;#04 HIGIENE PESSOAL - DESODORANTES
225436;#04 HIGIENE PESSOAL - PESSOAL;DES.MONANGE AER.ANTI DETOX FRESH 150ML;DESODORANTE MONANGE AEROSOL 150ML ANTI DETOX FRESH;#04 HIGIENE PESSOAL - DESODORANTES
141297;#04 HIGIENE PESSOAL - PESSOAL;DESODORANTE MONANGE AEROSOL 150ML FLOR LAVAN;DESODORANTE MONANGE AEROSOL 150ML FLOR LAVANDA;#04 HIGIENE PESSOAL - DESODORANTES
141299;#04 HIGIENE PESSOAL - PESSOAL;DESODORANTE MONANGE AEROSOL 150ML EXTRATO OL;DESODORANTE MONANGE AEROSOL 150ML HIDRATAÇÃO INTENSA;#04 HIGIENE PESSOAL - DESODORANTES
230985;#04 HIGIENE PESSOAL - PESSOAL;DESODORANTE MONANGE AEROSOL 150ML PROTECAO S;DESODORANTE MONANGE AEROSOL 150ML PROTECAO SECA;#04 HIGIENE PESSOAL - DESODORANTES
202717;#04 HIGIENE PESSOAL - PESSOAL;DESODORANTE MONANGE AEROSOL 150ML SENSIVEL;DESODORANTE MONANGE AEROSOL 150ML SENSÍVEL;#04 HIGIENE PESSOAL - DESODORANTES
312369;#04 HIGIENE PESSOAL - PESSOAL;DESODORANTE MOOD AEROSOL 150ML ENERGY MEN;DESODORANTE MOOD AEROSOL 150ML ENERGY MEN;#04 HIGIENE PESSOAL - DESODORANTES
312371;#04 HIGIENE PESSOAL - PESSOAL;DESODORANTE MOOD AEROSOL 150ML FLOR LAVANDA FEM;DESODORANTE MOOD AEROSOL 150ML FEMININO FLOR LAVANDA;#04 HIGIENE PESSOAL - DESODORANTES
311881;#04 HIGIENE PESSOAL - PESSOAL;DESODORANTE MOOD AEROSOL 150ML CARE FEM HIDRAT I;DESODORANTE MOOD AEROSOL 150ML FEMININO HIDRATAÇÃO INTENSA;#04 HIGIENE PESSOAL - DESODORANTES
312370;#04 HIGIENE PESSOAL - PESSOAL;DESODORANTE MOOD AEROSOL 150ML HIDRAT CARE FEM;DESODORANTE MOOD AEROSOL 150ML FEMININO HIDRATANTE;#04 HIGIENE PESSOAL - DESODORANTES
312366;#04 HIGIENE PESSOAL - PESSOAL;DESODORANTE MOOD AEROSOL 150ML HIDRAT PROTECT FEM;DESODORANTE MOOD AEROSOL 150ML FEMININO HIDRATANTE PROTECT;#04 HIGIENE PESSOAL - DESODORANTES
312365;#04 HIGIENE PESSOAL - PESSOAL;DESODORANTE MOOD AEROSOL 150ML FLOR ALGODAO WOMEN;DESODORANTE MOOD AEROSOL 150ML FLOR DE ALGODAO WOMEN;#04 HIGIENE PESSOAL - DESODORANTES
312367;#04 HIGIENE PESSOAL - PESSOAL;DESODORANTE MOOD AEROSOL 150ML FRUTAS VERMELHA;DESODORANTE MOOD AEROSOL 150ML FRUTAS VERMELHA;#04 HIGIENE PESSOAL - DESODORANTES
312364;#04 HIGIENE PESSOAL - PESSOAL;DESODORANTE MOOD AEROSOL 150ML IMPACT MEN;DESODORANTE MOOD AEROSOL 150ML IMPACT MEN;#04 HIGIENE PESSOAL - DESODORANTES
298933;#04 HIGIENE PESSOAL - PESSOAL;DESODORANTE MOOD AEROSOL 150ML;DESODORANTE MOOD AEROSOL 150ML INVISIBLE CARE;#04 HIGIENE PESSOAL - DESODORANTES
208281;#04 HIGIENE PESSOAL - PESSOAL;DES AERO MOOD MEN 150ML;DESODORANTE MOOD AEROSOL 150ML MEN;#04 HIGIENE PESSOAL - DESODORANTES
298928;#04 HIGIENE PESSOAL - PESSOAL;DESODORANTE MOOD AEROSOL 150ML;DESODORANTE MOOD AEROSOL 150ML MEN SPORT;#04 HIGIENE PESSOAL - DESODORANTES
312368;#04 HIGIENE PESSOAL - PESSOAL;DESODORANTE AERO MOOD 150ML POWER MEN;DESODORANTE MOOD AEROSOL 150ML POWER MEN;#04 HIGIENE PESSOAL - DESODORANTES
208304;#04 HIGIENE PESSOAL - PESSOAL;DES AERO MOOD PROTECT UNISSEX 150ML;DESODORANTE MOOD AEROSOL 150ML PROTECT UNISSEX;#04 HIGIENE PESSOAL - DESODORANTES
298930;#04 HIGIENE PESSOAL - PESSOAL;DESODORANTE MOOD AEROSOL 150ML;DESODORANTE MOOD AEROSOL 150ML SEM PERFUME;#04 HIGIENE PESSOAL - DESODORANTES
298927;#04 HIGIENE PESSOAL - PESSOAL;DESODORANTE MOOD AEROSOL 150ML;DESODORANTE MOOD AEROSOL 150ML TEEN BOY;#04 HIGIENE PESSOAL - DESODORANTES
298929;#04 HIGIENE PESSOAL - PESSOAL;DESODORANTE MOOD AEROSOL 150ML;DESODORANTE MOOD AEROSOL 150ML TEEN GIRL;#04 HIGIENE PESSOAL - DESODORANTES
298931;#04 HIGIENE PESSOAL - PESSOAL;DESODORANTE MOOD AEROSOL 150ML;DESODORANTE MOOD AEROSOL 150ML UNISSEX SPORT;#04 HIGIENE PESSOAL - DESODORANTES
208280;#04 HIGIENE PESSOAL - PESSOAL;DES AERO MOOD WOMEN 150ML;DESODORANTE MOOD AEROSOL 150ML WOMEN;#04 HIGIENE PESSOAL - DESODORANTES
298932;#04 HIGIENE PESSOAL - PESSOAL;DESODORANTE MOOD AEROSOL 150ML;DESODORANTE MOOD AEROSOL 150ML WOMEN SPORT;#04 HIGIENE PESSOAL - DESODORANTES
319396;#04 HIGIENE PESSOAL - PESSOAL;SABONETE ALBANY 85G ANTIBAC LIMPEZA PR;SABONETE ALBANY 85G ANTIBACTERIANO LIMPEZA PROFUNDA;#04 HIGIENE PESSOAL - SABONETES
276292;#04 HIGIENE PESSOAL - PESSOAL;SABONETE ALBANY 85G FRUTAS VERMELHAS;SABONETE ALBANY 85G FRUTAS VERMELHAS;#04 HIGIENE PESSOAL - SABONETES
276293;#04 HIGIENE PESSOAL - PESSOAL;SABONETE ALBANY 85G LAVANDA;SABONETE ALBANY 85G LAVANDA;#04 HIGIENE PESSOAL - SABONETES
276291;#04 HIGIENE PESSOAL - PESSOAL;SABONETE ALBANY 85G LIRIO SELVAGEM;SABONETE ALBANY 85G LIRIO SELVAGEM;#04 HIGIENE PESSOAL - SABONETES
276290;#04 HIGIENE PESSOAL - PESSOAL;SABONETE ALBANY 85G ROSA AVELUDADA;SABONETE ALBANY 85G ROSA AVELUDADA;#04 HIGIENE PESSOAL - SABONETES
319398;#04 HIGIENE PESSOAL - PESSOAL;SABONETE ALBANY 85G SUAVE CAPIM LIMAO V;SABONETE ALBANY 85G SUAVE CAPIM LIMAO;#04 HIGIENE PESSOAL - SABONETES
193865;#04 HIGIENE PESSOAL - PESSOAL;SABONETE ALBANY SUAVE CONTRO HOME 85G;SABONETE ALBANY 85G SUAVE CONTROLE DE ODOR;#04 HIGIENE PESSOAL - SABONETES
193867;#04 HIGIENE PESSOAL - PESSOAL;SABONETE ALBANY SUAVE 85G HID. INTEN;SABONETE ALBANY 85G SUAVE HIDRATAÇÃO INTENENSA;#04 HIGIENE PESSOAL - SABONETES
319397;#04 HIGIENE PESSOAL - PESSOAL;SABONETE ALBANY 85G SUAVE JASMIM ROXO;SABONETE ALBANY 85G SUAVE JASMIM ROXO;#04 HIGIENE PESSOAL - SABONETES
182034;#04 HIGIENE PESSOAL - PESSOAL;DESODORANTE DOVE AEROSOL ORIGINAL 150ML;DESODORANTE DOVE AEROSOL ORIGINAL 150ML;#04 HIGIENE PESSOAL - DESODORANTES
287599;#04 HIGIENE PESSOAL - PESSOAL;DESODORANTE HERBISSIMO CREME 55GR CREME ACTION;DESODORANTE HERBISSIMO CREME 55G ACTION;#04 HIGIENE PESSOAL - DESODORANTES
117576;#04 HIGIENE PESSOAL - PESSOAL;DESODORANTE HERBISSIMO 55GR ANTIPERSPIRA;DESODORANTE HERBISSIMO CREME 55G ANTIPERSPIRANTE;#04 HIGIENE PESSOAL - DESODORANTES
230503;#04 HIGIENE PESSOAL - PESSOAL;DESODORANTE HERBISSIMO CREME CX CEDRO 55G;DESODORANTE HERBISSIMO CREME 55G CX CEDRO;#04 HIGIENE PESSOAL - DESODORANTES
109683;#04 HIGIENE PESSOAL - PESSOAL;DESODORANTE HERBISSIMO CREME 55GR CREME FRESH;DESODORANTE HERBISSIMO CREME 55G FRESH;#04 HIGIENE PESSOAL - DESODORANTES
230504;#04 HIGIENE PESSOAL - PESSOAL;DESODORANTE HERBISSIMO CREME HIBIS 55G;DESODORANTE HERBISSIMO CREME 55G HIBISCO;#04 HIGIENE PESSOAL - DESODORANTES
314034;#04 HIGIENE PESSOAL - PESSOAL;DESODORANTE HERBISSIMO CREME 55GR LAVAND;DESODORANTE HERBISSIMO CREME 55G LAVANDA;#04 HIGIENE PESSOAL - DESODORANTES
281777;#04 HIGIENE PESSOAL - PESSOAL;DESODORANTE HERBISSIMO CREME 55GR CREME NEUTRO;DESODORANTE HERBISSIMO CREME 55G NEUTRO;#04 HIGIENE PESSOAL - DESODORANTES
117258;#04 HIGIENE PESSOAL - PESSOAL;DESODORANTE HERBISSIMO CREME SENSITIVE 55GR;DESODORANTE HERBISSIMO CREME 55G SENSITIVE;#04 HIGIENE PESSOAL - DESODORANTES
117425;#04 HIGIENE PESSOAL - PESSOAL;DESODORANTE HERBISSIMO CREME 55GR TALCO;DESODORANTE HERBISSIMO CREME 55G TALCO;#04 HIGIENE PESSOAL - DESODORANTES
294752;#04 HIGIENE PESSOAL - PESSOAL;DESODORANTE HERBISSIMO CREME 55GR CREME TRADICIONAL;DESODORANTE HERBISSIMO CREME 55G TRADICIONAL;#04 HIGIENE PESSOAL - DESODORANTES
314368;#04 HIGIENE PESSOAL - PESSOAL;DESODORANTE HERBISSIMO 45GR SITCK BIO PR;DESODORANTE HERBISSIMO STICK CREME 45G BIO PROTECT;#04 HIGIENE PESSOAL - DESODORANTES
109593;#04 HIGIENE PESSOAL - PESSOAL;DESODORANTE HERBISSIMO CREME STICK 45GR NEUTRO;DESODORANTE HERBISSIMO STICK CREME 45G NEUTRO;#04 HIGIENE PESSOAL - DESODORANTES
313968;#04 HIGIENE PESSOAL - PESSOAL;DESODORANTE HERBISSIMO CREME 45GR STICK;DESODORANTE HERBISSIMO STICK CREME 45G SENSITIVE;#04 HIGIENE PESSOAL - DESODORANTES
297811;#04 HIGIENE PESSOAL - PESSOAL;DESODORANTE HERBISSIMO 45GR CREME TWIST;DESODORANTE HERBISSIMO STICK CREME 45G TWIST;#04 HIGIENE PESSOAL - DESODORANTES
309354;#04 HIGIENE PESSOAL - PESSOAL;DESODORANTE HERBISSIMO CREME 45GR VANILL;DESODORANTE HERBISSIMO STICK CREME 45G VANILLA;#04 HIGIENE PESSOAL - DESODORANTES
292040;#04 HIGIENE PESSOAL - PESSOAL;DESODORANTE MONANGE 150GR AEROSOL ESPORT;DESODORANTE MONANGE AEROSOL 150G ESPORTE;#04 HIGIENE PESSOAL - DESODORANTES
225436;#04 HIGIENE PESSOAL - PESSOAL;DES.MONANGE AER.ANTI DETOX FRESH 150ML;DESODORANTE MONANGE AEROSOL 150ML ANTI DETOX FRESH;#04 HIGIENE PESSOAL - DESODORANTES
141297;#04 HIGIENE PESSOAL - PESSOAL;DESODORANTE MONANGE AEROSOL 150ML FLOR LAVAN;DESODORANTE MONANGE AEROSOL 150ML FLOR LAVANDA;#04 HIGIENE PESSOAL - DESODORANTES
141299;#04 HIGIENE PESSOAL - PESSOAL;DESODORANTE MONANGE AEROSOL 150ML EXTRATO OL;DESODORANTE MONANGE AEROSOL 150ML HIDRATAÇÃO INTENSA;#04 HIGIENE PESSOAL - DESODORANTES
230985;#04 HIGIENE PESSOAL - PESSOAL;DESODORANTE MONANGE AEROSOL 150ML PROTECAO S;DESODORANTE MONANGE AEROSOL 150ML PROTECAO SECA;#04 HIGIENE PESSOAL - DESODORANTES
202717;#04 HIGIENE PESSOAL - PESSOAL;DESODORANTE MONANGE AEROSOL 150ML SENSIVEL;DESODORANTE MONANGE AEROSOL 150ML SENSÍVEL;#04 HIGIENE PESSOAL - DESODORANTES
312369;#04 HIGIENE PESSOAL - PESSOAL;DESODORANTE MOOD AEROSOL 150ML ENERGY MEN;DESODORANTE MOOD AEROSOL 150ML ENERGY MEN;#04 HIGIENE PESSOAL - DESODORANTES
312371;#04 HIGIENE PESSOAL - PESSOAL;DESODORANTE MOOD AEROSOL 150ML FLOR LAVANDA FEM;DESODORANTE MOOD AEROSOL 150ML FEMININO FLOR LAVANDA;#04 HIGIENE PESSOAL - DESODORANTES
311881;#04 HIGIENE PESSOAL - PESSOAL;DESODORANTE MOOD AEROSOL 150ML CARE FEM HIDRAT I;DESODORANTE MOOD AEROSOL 150ML FEMININO HIDRATAÇÃO INTENSA;#04 HIGIENE PESSOAL - DESODORANTES
312370;#04 HIGIENE PESSOAL - PESSOAL;DESODORANTE MOOD AEROSOL 150ML HIDRAT CARE FEM;DESODORANTE MOOD AEROSOL 150ML FEMININO HIDRATANTE;#04 HIGIENE PESSOAL - DESODORANTES
312366;#04 HIGIENE PESSOAL - PESSOAL;DESODORANTE MOOD AEROSOL 150ML HIDRAT PROTECT FEM;DESODORANTE MOOD AEROSOL 150ML FEMININO HIDRATANTE PROTECT;#04 HIGIENE PESSOAL - DESODORANTES
312365;#04 HIGIENE PESSOAL - PESSOAL;DESODORANTE MOOD AEROSOL 150ML FLOR ALGODAO WOMEN;DESODORANTE MOOD AEROSOL 150ML FLOR DE ALGODAO WOMEN;#04 HIGIENE PESSOAL - DESODORANTES
312367;#04 HIGIENE PESSOAL - PESSOAL;DESODORANTE MOOD AEROSOL 150ML FRUTAS VERMELHA;DESODORANTE MOOD AEROSOL 150ML FRUTAS VERMELHA;#04 HIGIENE PESSOAL - DESODORANTES
312364;#04 HIGIENE PESSOAL - PESSOAL;DESODORANTE MOOD AEROSOL 150ML IMPACT MEN;DESODORANTE MOOD AEROSOL 150ML IMPACT MEN;#04 HIGIENE PESSOAL - DESODORANTES
298933;#04 HIGIENE PESSOAL - PESSOAL;DESODORANTE MOOD AEROSOL 150ML;DESODORANTE MOOD AEROSOL 150ML INVISIBLE CARE;#04 HIGIENE PESSOAL - DESODORANTES
208281;#04 HIGIENE PESSOAL - PESSOAL;DES AERO MOOD MEN 150ML;DESODORANTE MOOD AEROSOL 150ML MEN;#04 HIGIENE PESSOAL - DESODORANTES
298928;#04 HIGIENE PESSOAL - PESSOAL;DESODORANTE MOOD AEROSOL 150ML;DESODORANTE MOOD AEROSOL 150ML MEN SPORT;#04 HIGIENE PESSOAL - DESODORANTES
312368;#04 HIGIENE PESSOAL - PESSOAL;DESODORANTE AERO MOOD 150ML POWER MEN;DESODORANTE MOOD AEROSOL 150ML POWER MEN;#04 HIGIENE PESSOAL - DESODORANTES
208304;#04 HIGIENE PESSOAL - PESSOAL;DES AERO MOOD PROTECT UNISSEX 150ML;DESODORANTE MOOD AEROSOL 150ML PROTECT UNISSEX;#04 HIGIENE PESSOAL - DESODORANTES
298930;#04 HIGIENE PESSOAL - PESSOAL;DESODORANTE MOOD AEROSOL 150ML;DESODORANTE MOOD AEROSOL 150ML SEM PERFUME;#04 HIGIENE PESSOAL - DESODORANTES
298927;#04 HIGIENE PESSOAL - PESSOAL;DESODORANTE MOOD AEROSOL 150ML;DESODORANTE MOOD AEROSOL 150ML TEEN BOY;#04 HIGIENE PESSOAL - DESODORANTES
298929;#04 HIGIENE PESSOAL - PESSOAL;DESODORANTE MOOD AEROSOL 150ML;DESODORANTE MOOD AEROSOL 150ML TEEN GIRL;#04 HIGIENE PESSOAL - DESODORANTES
298931;#04 HIGIENE PESSOAL - PESSOAL;DESODORANTE MOOD AEROSOL 150ML;DESODORANTE MOOD AEROSOL 150ML UNISSEX SPORT;#04 HIGIENE PESSOAL - DESODORANTES
208280;#04 HIGIENE PESSOAL - PESSOAL;DES AERO MOOD WOMEN 150ML;DESODORANTE MOOD AEROSOL 150ML WOMEN;#04 HIGIENE PESSOAL - DESODORANTES
298932;#04 HIGIENE PESSOAL - PESSOAL;DESODORANTE MOOD AEROSOL 150ML;DESODORANTE MOOD AEROSOL 150ML WOMEN SPORT;#04 HIGIENE PESSOAL - DESODORANTES
319396;#04 HIGIENE PESSOAL - PESSOAL;SABONETE ALBANY 85G ANTIBAC LIMPEZA PR;SABONETE ALBANY 85G ANTIBACTERIANO LIMPEZA PROFUNDA;#04 HIGIENE PESSOAL - SABONETES
276292;#04 HIGIENE PESSOAL - PESSOAL;SABONETE ALBANY 85G FRUTAS VERMELHAS;SABONETE ALBANY 85G FRUTAS VERMELHAS;#04 HIGIENE PESSOAL - SABONETES
276293;#04 HIGIENE PESSOAL - PESSOAL;SABONETE ALBANY 85G LAVANDA;SABONETE ALBANY 85G LAVANDA;#04 HIGIENE PESSOAL - SABONETES
276291;#04 HIGIENE PESSOAL - PESSOAL;SABONETE ALBANY 85G LIRIO SELVAGEM;SABONETE ALBANY 85G LIRIO SELVAGEM;#04 HIGIENE PESSOAL - SABONETES
276290;#04 HIGIENE PESSOAL - PESSOAL;SABONETE ALBANY 85G ROSA AVELUDADA;SABONETE ALBANY 85G ROSA AVELUDADA;#04 HIGIENE PESSOAL - SABONETES
319398;#04 HIGIENE PESSOAL - PESSOAL;SABONETE ALBANY 85G SUAVE CAPIM LIMAO V;SABONETE ALBANY 85G SUAVE CAPIM LIMAO;#04 HIGIENE PESSOAL - SABONETES
193865;#04 HIGIENE PESSOAL - PESSOAL;SABONETE ALBANY SUAVE CONTRO HOME 85G;SABONETE ALBANY 85G SUAVE CONTROLE DE ODOR;#04 HIGIENE PESSOAL - SABONETES
193867;#04 HIGIENE PESSOAL - PESSOAL;SABONETE ALBANY SUAVE 85G HID. INTEN;SABONETE ALBANY 85G SUAVE HIDRATAÇÃO INTENENSA;#04 HIGIENE PESSOAL - SABONETES
319397;#04 HIGIENE PESSOAL - PESSOAL;SABONETE ALBANY 85G SUAVE JASMIM ROXO;SABONETE ALBANY 85G SUAVE JASMIM ROXO;#04 HIGIENE PESSOAL - SABONETES
193868;#04 HIGIENE PESSOAL - PESSOAL;SABONETE ALBANY SUAVE 85G LEITE DE COCO;SABONETE ALBANY 85G SUAVE LEITE DE COCO;#04 HIGIENE PESSOAL - SABONETES
193870;#04 HIGIENE PESSOAL - PESSOAL;SABONETE ALBANY SUAVE 85G MENT HOM;SABONETE ALBANY 85G SUAVE MENTOL;#04 HIGIENE PESSOAL - SABONETES
193869;#04 HIGIENE PESSOAL - PESSOAL;SABONETE ALBANY SUAVE 85G MULT HOM;SABONETE ALBANY 85G SUAVE MULTIAÇÃO;#04 HIGIENE PESSOAL - SABONETES
193866;#04 HIGIENE PESSOAL - PESSOAL;SABONETE ALBANY SUAVE MACD. AVEI 85G;SABONETE ALBANY 85G SUAVE ÓLEO DE MACADAMIA;#04 HIGIENE PESSOAL - SABONETES
238146;#04 HIGIENE PESSOAL - PESSOAL;SABONETE FL YPÊ SV AGUA COCO ALEC 85G;SABONETE FLOR DE YPÊ 85G AGUA DE COCO ALECRIM;#04 HIGIENE PESSOAL - SABONETES
238147;#04 HIGIENE PESSOAL - PESSOAL;SABONETE FLOR YPÊ FLOR BAUN AMENDOA 85G;SABONETE FLOR DE YPÊ 85G FLOR BAUNILHA AMENDOA;#04 HIGIENE PESSOAL - SABONETES
236972;#04 HIGIENE PESSOAL - PESSOAL;SABONETE FLOR DE YPÊ FLOR LAR/DAMASC 85G;SABONETE FLOR DE YPÊ 85G FLOR LARANJA DAMASCO;#04 HIGIENE PESSOAL - SABONETES
236971;#04 HIGIENE PESSOAL - PESSOAL;SABONETE FLOR DE YPÊ FRESIA E PESSEGO 85;SABONETE FLOR DE YPÊ 85G FRESIA E PESSEGO;#04 HIGIENE PESSOAL - SABONETES
235599;#04 HIGIENE PESSOAL - PESSOAL;SABONETE FLOR YPÊ GARDENIA ARGAN 85G;SABONETE FLOR DE YPÊ 85G GARDENIA ARGAN;#04 HIGIENE PESSOAL - SABONETES
236970;#04 HIGIENE PESSOAL - PESSOAL;SABONETE FLOR DE YPÊ ROSAS BRANCAS AVELA;SABONETE FLOR DE YPÊ 85G ROSAS BRANCAS AVELA;#04 HIGIENE PESSOAL - SABONETES
286298;#04 HIGIENE PESSOAL - PESSOAL;SABONETE FRANCIS 80GR AGIUA DE COCO;SABONETE FRANCIS 80G AGUA DE COCO;#04 HIGIENE PESSOAL - SABONETES
286977;#04 HIGIENE PESSOAL - PESSOAL;SABONETE FRANCIS 80GR BRASILIDADE ACEROL;SABONETE FRANCIS 80G BRASILIDADE ACEROLA;#04 HIGIENE PESSOAL - SABONETES
286296;#04 HIGIENE PESSOAL - PESSOAL;SABONETE FRANCIS 80GR CAPIM LIMAO;SABONETE FRANCIS 80G BRASILIDADE CAPIM LIMAO;#04 HIGIENE PESSOAL - SABONETES
286297;#04 HIGIENE PESSOAL - PESSOAL;SABONETE FRANCIS 80GR MANGA ROSA;SABONETE FRANCIS 80G BRASILIDADE MANGA ROSA;#04 HIGIENE PESSOAL - SABONETES
286494;#04 HIGIENE PESSOAL - PESSOAL;SABONETE FRANCIS 80GR AMORA;SABONETE FRANCIS 80G BRASILIDADES AMORA;#04 HIGIENE PESSOAL - SABONETES
291713;#04 HIGIENE PESSOAL - PESSOAL;SABONETE FRANCIS 80GR BRASILIDADES CARAM;SABONETE FRANCIS 80G BRASILIDADES CARAMBOLA;#04 HIGIENE PESSOAL - SABONETES
291711;#04 HIGIENE PESSOAL - PESSOAL;SABONETE FRANCIS 80GR BRASILIDADES GRAVI;SABONETE FRANCIS 80G BRASILIDADES GRAVIOLA;#04 HIGIENE PESSOAL - SABONETES
291712;#04 HIGIENE PESSOAL - PESSOAL;SABONETE FRANCIS 80GR BRASILIDADES LIMA;SABONETE FRANCIS 80G BRASILIDADES LIMA;#04 HIGIENE PESSOAL - SABONETES
107698;#04 HIGIENE PESSOAL - PESSOAL;SABONETE PALMOLIVE 150GR ALOE E OLIVA;SABONETE PALMOLIVE 150G ALOE E OLIVA;#04 HIGIENE PESSOAL - SABONETES
324239;#04 HIGIENE PESSOAL - PESSOAL;SABONETE PALMOLIVE 150GR ARGILA PRETA E;SABONETE PALMOLIVE 150G ARGILA PRETA E EUCALIPTO;#04 HIGIENE PESSOAL - SABONETES
107699;#04 HIGIENE PESSOAL - PESSOAL;SABONETE PALMOLIVE 150GR COCO E ALGODAO;SABONETE PALMOLIVE 150G COCO E ALGODAO;#04 HIGIENE PESSOAL - SABONETES
157417;#04 HIGIENE PESSOAL - PESSOAL;SABONETE PALMOLIVE 150GR GELEIA REAL E PROT;SABONETE PALMOLIVE 150G GELEIA REAL E PROTEÇÃO;#04 HIGIENE PESSOAL - SABONETES
108866;#04 HIGIENE PESSOAL - PESSOAL;SABONETE PALMOLIVE 150GR LEITE E PETALAS ROSA;SABONETE PALMOLIVE 150G LEITE E PETALAS ROSA;#04 HIGIENE PESSOAL - SABONETES
108867;#04 HIGIENE PESSOAL - PESSOAL;SABONETE PALMOLIVE 150GR MANT CACAU E KARITE;SABONETE PALMOLIVE 150G MANTEIGA CACAU E KARITE;#04 HIGIENE PESSOAL - SABONETES
301365;#04 HIGIENE PESSOAL - PESSOAL;SABONETE PALMOLIVE 150GR MELANCIA E LICH;SABONETE PALMOLIVE 150G MELANCIA E LICHIA;#04 HIGIENE PESSOAL - SABONETES
190286;#04 HIGIENE PESSOAL - PESSOAL;SABONETE NATURALS JASMIM 150G;SABONETE PALMOLIVE 150G NATURALS JASMIM;#04 HIGIENE PESSOAL - SABONETES
144261;#04 HIGIENE PESSOAL - PESSOAL;SABONETE PALMOLIVE NATURALS T.SEGREDO SEDUTOR 150G;SABONETE PALMOLIVE 150G NATURALS SEGREDO SEDUTOR;#04 HIGIENE PESSOAL - SABONETES
108873;#04 HIGIENE PESSOAL - PESSOAL;SABONETE PALMOLIVE 150GR OLE AMEN E LANOLINA;SABONETE PALMOLIVE 150G ÓLEO AMENDOAS E LANOLINA;#04 HIGIENE PESSOAL - SABONETES
121641;#04 HIGIENE PESSOAL - PESSOAL;SABONETE PALMOLIVE 150GR OLE ARGAN E OL COMPL;SABONETE PALMOLIVE 150G ÓLEO ARGAN E ÓLEO COMPLETO;#04 HIGIENE PESSOAL - SABONETES
167507;#04 HIGIENE PESSOAL - PESSOAL;SABONETE PALMOLIVE 150GR OL.NUTRI;SABONETE PALMOLIVE 150G ÓLEO NUTRITIVO;#04 HIGIENE PESSOAL - SABONETES
228933;#04 HIGIENE PESSOAL - PESSOAL;SABONETE PALMOLIVE 150GR SENSACAO PURIFI;SABONETE PALMOLIVE 150G SENSACAO PURIFICANTE;#04 HIGIENE PESSOAL - SABONETES
306134;#04 HIGIENE PESSOAL - PESSOAL;SABONETE PALMOLIVE 150GR TANGERINA E ALE;SABONETE PALMOLIVE 150G TANGERINA E ALECRIM;#04 HIGIENE PESSOAL - SABONETES
227599;#04 HIGIENE PESSOAL - PESSOAL;SABONTE ALBANY SUAVE ANTIBAC 85G EXT DE;SABONTE ALBANY 85G SUAVE EXTRATO DE AVEIA;#04 HIGIENE PESSOAL - SABONETES
117221;#04 HIGIENE PESSOAL - PESSOAL;TALCO BARLA 140GR;TALCO BARLA 140G;#04 HIGIENE PESSOAL - TALCOS
114072;#04 HIGIENE PESSOAL - PESSOAL;TALCO DESOD TABU PERFUMADO 100GR;TALCO TABU 100G DESODORANTE PERFUMADO;#04 HIGIENE PESSOAL - TALCOS
305261;#05 BEBIDA - #00 ENERGETICO;ENERGETICO BALY 2L ABACAXI C/HORTELA DAS;ENERGETICO BALY 2L ABACAXI COM HORTELA;#05 BEBIDA - ENERGÉTICOS
320467;#05 BEBIDA - #00 ENERGETICO;ENERGETICO BALY 2L CITRUS PET;ENERGETICO BALY 2L CITRUS;#05 BEBIDA - ENERGÉTICOS
303008;#05 BEBIDA - #00 ENERGETICO;ENERGETICO BALY ENERGY 2L CRANBERRY PET;ENERGETICO BALY 2L ENERGY CRANBERRY;#05 BEBIDA - ENERGÉTICOS
253878;#05 BEBIDA - #00 ENERGETICO;ENERG BALY ENERGY DRINK 2L ;ENERGETICO BALY 2L ENERGY DRINK;#05 BEBIDA - ENERGÉTICOS
253877;#05 BEBIDA - #00 ENERGETICO;ENERG BALY DRINK 2L COCO E ACAI PET;ENERGETICO BALY 2L ENERGY DRINK COCO E ACAI;#05 BEBIDA - ENERGÉTICOS
244424;#05 BEBIDA - #00 ENERGETICO;ENERG BALY 2L ENERGY DRINK MELANCIA;ENERGETICO BALY 2L ENERGY DRINK MELANCIA;#05 BEBIDA - ENERGÉTICOS
244426;#05 BEBIDA - #00 ENERGETICO;ENERGETICO BALY 2L FRUTAS TROPICAIS PET;ENERGETICO BALY 2L FRUTAS TROPICAIS;#05 BEBIDA - ENERGÉTICOS
253880;#05 BEBIDA - #00 ENERGETICO;ENERG BALY MACA VERDE PET 2L ;ENERGETICO BALY 2L MAÇÃ VERDE;#05 BEBIDA - ENERGÉTICOS
302661;#05 BEBIDA - #00 ENERGETICO;ENERGETICO BALY 2L MORANGO E PESSEGO;ENERGETICO BALY 2L MORANGO E PESSEGO;#05 BEBIDA - ENERGÉTICOS
302660;#05 BEBIDA - #00 ENERGETICO;ENERGETICO BALY 2L TANGERINA;ENERGETICO BALY 2L TANGERINA;#05 BEBIDA - ENERGÉTICOS
318892;#05 BEBIDA - #00 ENERGETICO;ENERGETICO BALY 250ML ABACAXI C/ HORTEL;ENERGETICO BALY LATA 250ML ABACAXI COM HORTELÃ;#05 BEBIDA - ENERGÉTICOS
315650;#05 BEBIDA - #00 ENERGETICO;ENERGETICO BALY 250ML CITRUS;ENERGETICO BALY LATA 250ML CITRUS;#05 BEBIDA - ENERGÉTICOS
244422;#05 BEBIDA - #00 ENERGETICO;ENERGETICO BALY 250ML COCO E ACAI;ENERGETICO BALY LATA 250ML COCO E ACAI;#05 BEBIDA - ENERGÉTICOS
312640;#05 BEBIDA - #00 ENERGETICO;ENERGETICO BALY 250ML COLA;ENERGETICO BALY LATA 250ML COLA;#05 BEBIDA - ENERGÉTICOS
244423;#05 BEBIDA - #00 ENERGETICO;ENERGETICO BALY 250ML ENERGY DRINK LT;ENERGETICO BALY LATA 250ML ENERGY DRINK;#05 BEBIDA - ENERGÉTICOS
303516;#05 BEBIDA - #00 ENERGETICO;ENERGETICO BALY 250ML FLYNOW S/ACUCAR;ENERGETICO BALY LATA 250ML FLYNOW SEM ACUCAR;#05 BEBIDA - ENERGÉTICOS
244425;#05 BEBIDA - #00 ENERGETICO;ENERG.BALY FRUTAS TROPICAIS LATA 250ML;ENERGETICO BALY LATA 250ML FRUTAS TROPICAIS;#05 BEBIDA - ENERGÉTICOS
312067;#05 BEBIDA - #00 ENERGETICO;ENERGETICO BALY 250ML FRUTAS VERMELHAS;ENERGETICO BALY LATA 250ML FRUTAS VERMELHAS;#05 BEBIDA - ENERGÉTICOS
253879;#05 BEBIDA - #00 ENERGETICO;ENERG BALY MACA VERDE LATA 250ML;ENERGETICO BALY LATA 250ML MAÇÃ VERDE;#05 BEBIDA - ENERGÉTICOS
244427;#05 BEBIDA - #00 ENERGETICO;ENERG.BALY MELANCIA LATA 250ML;ENERGETICO BALY LATA 250ML MELANCIA;#05 BEBIDA - ENERGÉTICOS
302658;#05 BEBIDA - #00 ENERGETICO;ENERGETICO BALY 250ML MORANGO E PESSEGO;ENERGETICO BALY LATA 250ML MORANGO E PESSEGO;#05 BEBIDA - ENERGÉTICOS
305260;#05 BEBIDA - #00 ENERGETICO;ENERGETICO BALY 250ML PITAYA DRAGON;ENERGETICO BALY LATA 250ML PITAYA DRAGON;#05 BEBIDA - ENERGÉTICOS
302659;#05 BEBIDA - #00 ENERGETICO;ENERGETICO BALY 250ML TANGERINA;ENERGETICO BALY LATA 250ML TANGERINA;#05 BEBIDA - ENERGÉTICOS
312639;#05 BEBIDA - #00 ENERGETICO;ENERGETICO BALY 250ML TROPICAL ZERO ACUC;ENERGETICO BALY LATA 250ML TROPICAL ZERO AÇUCAR;#05 BEBIDA - ENERGÉTICOS
303517;#05 BEBIDA - #00 ENERGETICO;ENERGETICO BALY 250ML ZERO ACUCAR;ENERGETICO BALY LATA 250ML ZERO AÇUCAR;#05 BEBIDA - ENERGÉTICOS
273004;#05 BEBIDA - #00 ENERGETICO;ENERGETICO ENGOV UP 269ML MELANCIA LATA;ENERGETICO ENGOV UP 269ML MELANCIA;#05 BEBIDA - ENERGÉTICOS
273000;#05 BEBIDA - #00 ENERGETICO;ENERGETICO ENGOV UP 269ML MORANGO E KIWI;ENERGETICO ENGOV UP 269ML MORANGO E KIWI;#05 BEBIDA - ENERGÉTICOS
273005;#05 BEBIDA - #00 ENERGETICO;ENERGETICO ENGOV UP 269ML ORIGINAL LATA;ENERGETICO ENGOV UP 269ML ORIGINAL;#05 BEBIDA - ENERGÉTICOS
156763;#05 BEBIDA - #00 ENERGETICO;ENERGETICO EXTRA POWER 1LT 250 ML GRATIS;ENERGETICO EXTRA POWER 1L PROMOCIONAL;#05 BEBIDA - ENERGÉTICOS
102287;#05 BEBIDA - #00 ENERGETICO;ENERGETICO EXTRA POWER 270ML UNID;ENERGETICO EXTRA POWER 270ML;#05 BEBIDA - ENERGÉTICOS
102282;#05 BEBIDA - #00 ENERGETICO;ENERG RED BULL 250ML TRAD;ENERGETICO RED BULL 250ML TRADICIONAL;#05 BEBIDA - ENERGÉTICOS
229014;#05 BEBIDA - #00 REFRIGERANTES;AGUA DE COCO MAIS COCO 1L;AGUA DE COCO MAIS COCO 1L;#05 BEBIDA - ÁGUA DE COCO
286589;#05 BEBIDA - #00 REFRIGERANTES;BEBIDA ENGOV AFTER 250ML BERRY VIBES;BEBIDA ENGOV AFTER 250ML BERRY VIBES;#05 BEBIDA - REFRIGERANTES E OUTRAS BEBIDAS GASEIFICADAS
287184;#05 BEBIDA - #00 REFRIGERANTES;BEBIDA ENGOV AFTER 250ML CITRUS;BEBIDA ENGOV AFTER 250ML CITRUS;#05 BEBIDA - REFRIGERANTES E OUTRAS BEBIDAS GASEIFICADAS
324170;#05 BEBIDA - #00 REFRIGERANTES;BEBIDA ENGOV AFTER 250ML PINK LEMONADE;BEBIDA ENGOV AFTER 250ML PINK LEMONADE;#05 BEBIDA - REFRIGERANTES E OUTRAS BEBIDAS GASEIFICADAS
286326;#05 BEBIDA - #00 REFRIGERANTES;BEBIDA ENGOV AFTER 250ML RED HITS;BEBIDA ENGOV AFTER 250ML RED HITS;#05 BEBIDA - REFRIGERANTES E OUTRAS BEBIDAS GASEIFICADAS
287177;#05 BEBIDA - #00 REFRIGERANTES;BEBIDA ENGOV AFTER 250ML TANGERINA;BEBIDA ENGOV AFTER 250ML TANGERINA;#05 BEBIDA - REFRIGERANTES E OUTRAS BEBIDAS GASEIFICADAS
161871;#05 BEBIDA - #00 REFRIGERANTES;REFRIG GUARANA TUCHAUA 2LT;REFRIGANTE TUCHAUA 2L GUARANA;#05 BEBIDA - REFRIGERANTES E OUTRAS BEBIDAS GASEIFICADAS
108686;#05 BEBIDA - #00 REFRIGERANTES;REFRIG SODA LIMONADA ANTARCTICA PET 2 LT;REFRIGERANTE ANTARCTICA SODA LIMONADA 2L;#05 BEBIDA - REFRIGERANTES E OUTRAS BEBIDAS GASEIFICADAS
104406;#05 BEBIDA - #00 REFRIGERANTES;REFRIGERANTE COCA COLA 2L;REFRIGERANTE COCA COLA 2L;#05 BEBIDA - REFRIGERANTES E OUTRAS BEBIDAS GASEIFICADAS
104404;#05 BEBIDA - #00 REFRIGERANTES;REFRIG FANTA LARANJA 2L;REFRIGERANTE FANTA 2L LARANJA;#05 BEBIDA - REFRIGERANTES E OUTRAS BEBIDAS GASEIFICADAS
104403;#05 BEBIDA - #00 REFRIGERANTES;REFRIG FANTA UVA 2L;REFRIGERANTE FANTA 2L UVA;#05 BEBIDA - REFRIGERANTES E OUTRAS BEBIDAS GASEIFICADAS
104410;#05 BEBIDA - #00 REFRIGERANTES;REFRIG GUARANA ANTARCTICA 2L PET ORIG;REFRIGERANTE GUARANA ANTARCTICA 2L;#05 BEBIDA - REFRIGERANTES E OUTRAS BEBIDAS GASEIFICADAS
286271;#05 BEBIDA - #00 REFRIGERANTES;REFRIGERANTE PEPSI 2L BLACK ZERO ACUCAR;REFRIGERANTE PEPSI 2L BLACK ZERO ACUCAR;#05 BEBIDA - REFRIGERANTES E OUTRAS BEBIDAS GASEIFICADAS
104424;#05 BEBIDA - #00 REFRIGERANTES;REFRIG PEPSI COLA PET 2L;REFRIGERANTE PEPSI COLA 2L;#05 BEBIDA - REFRIGERANTES E OUTRAS BEBIDAS GASEIFICADAS
122984;#05 BEBIDA - #00 REFRIGERANTES;REFRI SPRITE PET 2L;REFRIGERANTE SPRITE 2L;#05 BEBIDA - REFRIGERANTES E OUTRAS BEBIDAS GASEIFICADAS
104405;#05 BEBIDA - #00 REFRIGERANTES;REFRIG SUKITA 2L LARANJA;REFRIGERANTE SUKITA 2L LARANJA;#05 BEBIDA - REFRIGERANTES E OUTRAS BEBIDAS GASEIFICADAS
104414;#05 BEBIDA - #00 REFRIGERANTES;REFRIG SUKITA 2L UVA;REFRIGERANTE SUKITA 2L UVA;#05 BEBIDA - REFRIGERANTES E OUTRAS BEBIDAS GASEIFICADAS
286325;#05 BEBIDA - #00 SUCO;SUCO DE UVA AURORA 1,5LT TINTO TP;SUCO DE UVA AURORA TP 1,5L TINTO;#05 BEBIDA - SUCOS PRONTOS
102237;#05 BEBIDA - #00 SUCO;SUCO UVA INTEGRAL TINTO AURORA 1,5L VD;SUCO DE UVA AURORA VIDRO 1,5L INTEGRAL TINTO;#05 BEBIDA - SUCOS PRONTOS
264452;#05 BEBIDA - #00 SUCO;SUCO PRONTO DAFRUTA 1L NECTAR UVA;SUCO PRONTO DAFRUTA 1L NECTAR UVA;#05 BEBIDA - SUCOS PRONTOS
308470;#05 BEBIDA - #00 XAROPE;XAROPE DILUTE 500ML CEREJA;XAROPE DILUTE 500ML CEREJA;#05 BEBIDA - XAROPES PARA REFRESCO
233097;#05 BEBIDA - #00 XAROPE;XAROPE DILUTE 500ML CURACAU BLUE;XAROPE DILUTE 500ML CURACAU BLUE;#05 BEBIDA - XAROPES PARA REFRESCO
254859;#05 BEBIDA - #00 XAROPE;XAROPE DILUTE 500ML FRUTAS TROPICAIS ZER;XAROPE DILUTE 500ML FRUTAS TROPICAIS ZER;#05 BEBIDA - XAROPES PARA REFRESCO
230018;#05 BEBIDA - #00 XAROPE;XAROPE DILUTE 500ML FRUTAS VERMELHAS;XAROPE DILUTE 500ML FRUTAS VERMELHAS;#05 BEBIDA - XAROPES PARA REFRESCO
230020;#05 BEBIDA - #00 XAROPE;XAROPE DILUTE 500ML FRUTAS VERMELHAS ZER;XAROPE DILUTE 500ML FRUTAS VERMELHAS ZER;#05 BEBIDA - XAROPES PARA REFRESCO
230026;#05 BEBIDA - #00 XAROPE;XAROPE DILUTE 500ML GENGIBRE;XAROPE DILUTE 500ML GENGIBRE;#05 BEBIDA - XAROPES PARA REFRESCO
240365;#05 BEBIDA - #00 XAROPE;XAROPE DILUTE 500ML KIWI;XAROPE DILUTE 500ML KIWI;#05 BEBIDA - XAROPES PARA REFRESCO
230022;#05 BEBIDA - #00 XAROPE;XAROPE DILUTE 500ML LIMAO SICILIANO;XAROPE DILUTE 500ML LIMAO SICILIANO;#05 BEBIDA - XAROPES PARA REFRESCO
230024;#05 BEBIDA - #00 XAROPE;XAROPE DILUTE 500ML LIMAO SICILIANO ZERO;XAROPE DILUTE 500ML LIMAO SICILIANO ZERO;#05 BEBIDA - XAROPES PARA REFRESCO
230028;#05 BEBIDA - #00 XAROPE;XAROPE DILUTE 500ML MACA VERDE;XAROPE DILUTE 500ML MACA VERDE;#05 BEBIDA - XAROPES PARA REFRESCO
236994;#05 BEBIDA - #00 XAROPE;XAROPE DILUTE 500ML MACA VERDE ZERO;XAROPE DILUTE 500ML MACA VERDE ZERO;#05 BEBIDA - XAROPES PARA REFRESCO
230016;#05 BEBIDA - #00 XAROPE;XAROPE DILUTE 500ML MARACUJA;XAROPE DILUTE 500ML MARACUJA;#05 BEBIDA - XAROPES PARA REFRESCO
233099;#05 BEBIDA - #00 XAROPE;XAROPE DILUTE 500ML MELANCIA;XAROPE DILUTE 500ML MELANCIA;#05 BEBIDA - XAROPES PARA REFRESCO
240366;#05 BEBIDA - #00 XAROPE;XAROPE DILUTE 500ML MIRTILO BLUEBERRY;XAROPE DILUTE 500ML MIRTILO BLUEBERRY;#05 BEBIDA - XAROPES PARA REFRESCO
303516;#05 BEBIDA - #00 ENERGETICO;ENERGETICO BALY 250ML FLYNOW S/ACUCAR;ENERGETICO BALY LATA 250ML FLYNOW SEM ACUCAR;#05 BEBIDA - ENERGÉTICOS
244425;#05 BEBIDA - #00 ENERGETICO;ENERG.BALY FRUTAS TROPICAIS LATA 250ML;ENERGETICO BALY LATA 250ML FRUTAS TROPICAIS;#05 BEBIDA - ENERGÉTICOS
312067;#05 BEBIDA - #00 ENERGETICO;ENERGETICO BALY 250ML FRUTAS VERMELHAS;ENERGETICO BALY LATA 250ML FRUTAS VERMELHAS;#05 BEBIDA - ENERGÉTICOS
253879;#05 BEBIDA - #00 ENERGETICO;ENERG BALY MACA VERDE LATA 250ML;ENERGETICO BALY LATA 250ML MAÇÃ VERDE;#05 BEBIDA - ENERGÉTICOS
244427;#05 BEBIDA - #00 ENERGETICO;ENERG.BALY MELANCIA LATA 250ML;ENERGETICO BALY LATA 250ML MELANCIA;#05 BEBIDA - ENERGÉTICOS
302658;#05 BEBIDA - #00 ENERGETICO;ENERGETICO BALY 250ML MORANGO E PESSEGO;ENERGETICO BALY LATA 250ML MORANGO E PESSEGO;#05 BEBIDA - ENERGÉTICOS
305260;#05 BEBIDA - #00 ENERGETICO;ENERGETICO BALY 250ML PITAYA DRAGON;ENERGETICO BALY LATA 250ML PITAYA DRAGON;#05 BEBIDA - ENERGÉTICOS
302659;#05 BEBIDA - #00 ENERGETICO;ENERGETICO BALY 250ML TANGERINA;ENERGETICO BALY LATA 250ML TANGERINA;#05 BEBIDA - ENERGÉTICOS
312639;#05 BEBIDA - #00 ENERGETICO;ENERGETICO BALY 250ML TROPICAL ZERO ACUC;ENERGETICO BALY LATA 250ML TROPICAL ZERO AÇUCAR;#05 BEBIDA - ENERGÉTICOS
303517;#05 BEBIDA - #00 ENERGETICO;ENERGETICO BALY 250ML ZERO ACUCAR;ENERGETICO BALY LATA 250ML ZERO AÇUCAR;#05 BEBIDA - ENERGÉTICOS
273004;#05 BEBIDA - #00 ENERGETICO;ENERGETICO ENGOV UP 269ML MELANCIA LATA;ENERGETICO ENGOV UP 269ML MELANCIA;#05 BEBIDA - ENERGÉTICOS
273000;#05 BEBIDA - #00 ENERGETICO;ENERGETICO ENGOV UP 269ML MORANGO E KIWI;ENERGETICO ENGOV UP 269ML MORANGO E KIWI;#05 BEBIDA - ENERGÉTICOS
273005;#05 BEBIDA - #00 ENERGETICO;ENERGETICO ENGOV UP 269ML ORIGINAL LATA;ENERGETICO ENGOV UP 269ML ORIGINAL;#05 BEBIDA - ENERGÉTICOS
156763;#05 BEBIDA - #00 ENERGETICO;ENERGETICO EXTRA POWER 1LT 250 ML GRATIS;ENERGETICO EXTRA POWER 1L PROMOCIONAL;#05 BEBIDA - ENERGÉTICOS
102287;#05 BEBIDA - #00 ENERGETICO;ENERGETICO EXTRA POWER 270ML UNID;ENERGETICO EXTRA POWER 270ML;#05 BEBIDA - ENERGÉTICOS
102282;#05 BEBIDA - #00 ENERGETICO;ENERG RED BULL 250ML TRAD;ENERGETICO RED BULL 250ML TRADICIONAL;#05 BEBIDA - ENERGÉTICOS
229014;#05 BEBIDA - #00 REFRIGERANTES;AGUA DE COCO MAIS COCO 1L;AGUA DE COCO MAIS COCO 1L;#05 BEBIDA - ÁGUA DE COCO
286589;#05 BEBIDA - #00 REFRIGERANTES;BEBIDA ENGOV AFTER 250ML BERRY VIBES;BEBIDA ENGOV AFTER 250ML BERRY VIBES;#05 BEBIDA - REFRIGERANTES E OUTRAS BEBIDAS GASEIFICADAS
287184;#05 BEBIDA - #00 REFRIGERANTES;BEBIDA ENGOV AFTER 250ML CITRUS;BEBIDA ENGOV AFTER 250ML CITRUS;#05 BEBIDA - REFRIGERANTES E OUTRAS BEBIDAS GASEIFICADAS
324170;#05 BEBIDA - #00 REFRIGERANTES;BEBIDA ENGOV AFTER 250ML PINK LEMONADE;BEBIDA ENGOV AFTER 250ML PINK LEMONADE;#05 BEBIDA - REFRIGERANTES E OUTRAS BEBIDAS GASEIFICADAS
286326;#05 BEBIDA - #00 REFRIGERANTES;BEBIDA ENGOV AFTER 250ML RED HITS;BEBIDA ENGOV AFTER 250ML RED HITS;#05 BEBIDA - REFRIGERANTES E OUTRAS BEBIDAS GASEIFICADAS
287177;#05 BEBIDA - #00 REFRIGERANTES;BEBIDA ENGOV AFTER 250ML TANGERINA;BEBIDA ENGOV AFTER 250ML TANGERINA;#05 BEBIDA - REFRIGERANTES E OUTRAS BEBIDAS GASEIFICADAS
161871;#05 BEBIDA - #00 REFRIGERANTES;REFRIG GUARANA TUCHAUA 2LT;REFRIGANTE TUCHAUA 2L GUARANA;#05 BEBIDA - REFRIGERANTES E OUTRAS BEBIDAS GASEIFICADAS
108686;#05 BEBIDA - #00 REFRIGERANTES;REFRIG SODA LIMONADA ANTARCTICA PET 2 LT;REFRIGERANTE ANTARCTICA SODA LIMONADA 2L;#05 BEBIDA - REFRIGERANTES E OUTRAS BEBIDAS GASEIFICADAS
104406;#05 BEBIDA - #00 REFRIGERANTES;REFRIGERANTE COCA COLA 2L;REFRIGERANTE COCA COLA 2L;#05 BEBIDA - REFRIGERANTES E OUTRAS BEBIDAS GASEIFICADAS
104404;#05 BEBIDA - #00 REFRIGERANTES;REFRIG FANTA LARANJA 2L;REFRIGERANTE FANTA 2L LARANJA;#05 BEBIDA - REFRIGERANTES E OUTRAS BEBIDAS GASEIFICADAS
104403;#05 BEBIDA - #00 REFRIGERANTES;REFRIG FANTA UVA 2L;REFRIGERANTE FANTA 2L UVA;#05 BEBIDA - REFRIGERANTES E OUTRAS BEBIDAS GASEIFICADAS
104410;#05 BEBIDA - #00 REFRIGERANTES;REFRIG GUARANA ANTARCTICA 2L PET ORIG;REFRIGERANTE GUARANA ANTARCTICA 2L;#05 BEBIDA - REFRIGERANTES E OUTRAS BEBIDAS GASEIFICADAS
286271;#05 BEBIDA - #00 REFRIGERANTES;REFRIGERANTE PEPSI 2L BLACK ZERO ACUCAR;REFRIGERANTE PEPSI 2L BLACK ZERO ACUCAR;#05 BEBIDA - REFRIGERANTES E OUTRAS BEBIDAS GASEIFICADAS
104424;#05 BEBIDA - #00 REFRIGERANTES;REFRIG PEPSI COLA PET 2L;REFRIGERANTE PEPSI COLA 2L;#05 BEBIDA - REFRIGERANTES E OUTRAS BEBIDAS GASEIFICADAS
122984;#05 BEBIDA - #00 REFRIGERANTES;REFRI SPRITE PET 2L;REFRIGERANTE SPRITE 2L;#05 BEBIDA - REFRIGERANTES E OUTRAS BEBIDAS GASEIFICADAS
104405;#05 BEBIDA - #00 REFRIGERANTES;REFRIG SUKITA 2L LARANJA;REFRIGERANTE SUKITA 2L LARANJA;#05 BEBIDA - REFRIGERANTES E OUTRAS BEBIDAS GASEIFICADAS
104414;#05 BEBIDA - #00 REFRIGERANTES;REFRIG SUKITA 2L UVA;REFRIGERANTE SUKITA 2L UVA;#05 BEBIDA - REFRIGERANTES E OUTRAS BEBIDAS GASEIFICADAS
286325;#05 BEBIDA - #00 SUCO;SUCO DE UVA AURORA 1,5LT TINTO TP;SUCO DE UVA AURORA TP 1,5L TINTO;#05 BEBIDA - SUCOS PRONTOS
102237;#05 BEBIDA - #00 SUCO;SUCO UVA INTEGRAL TINTO AURORA 1,5L VD;SUCO DE UVA AURORA VIDRO 1,5L INTEGRAL TINTO;#05 BEBIDA - SUCOS PRONTOS
264452;#05 BEBIDA - #00 SUCO;SUCO PRONTO DAFRUTA 1L NECTAR UVA;SUCO PRONTO DAFRUTA 1L NECTAR UVA;#05 BEBIDA - SUCOS PRONTOS
308470;#05 BEBIDA - #00 XAROPE;XAROPE DILUTE 500ML CEREJA;XAROPE DILUTE 500ML CEREJA;#05 BEBIDA - XAROPES PARA REFRESCO
233097;#05 BEBIDA - #00 XAROPE;XAROPE DILUTE 500ML CURACAU BLUE;XAROPE DILUTE 500ML CURACAU BLUE;#05 BEBIDA - XAROPES PARA REFRESCO
254859;#05 BEBIDA - #00 XAROPE;XAROPE DILUTE 500ML FRUTAS TROPICAIS ZER;XAROPE DILUTE 500ML FRUTAS TROPICAIS ZER;#05 BEBIDA - XAROPES PARA REFRESCO
230018;#05 BEBIDA - #00 XAROPE;XAROPE DILUTE 500ML FRUTAS VERMELHAS;XAROPE DILUTE 500ML FRUTAS VERMELHAS;#05 BEBIDA - XAROPES PARA REFRESCO
230020;#05 BEBIDA - #00 XAROPE;XAROPE DILUTE 500ML FRUTAS VERMELHAS ZER;XAROPE DILUTE 500ML FRUTAS VERMELHAS ZER;#05 BEBIDA - XAROPES PARA REFRESCO
230026;#05 BEBIDA - #00 XAROPE;XAROPE DILUTE 500ML GENGIBRE;XAROPE DILUTE 500ML GENGIBRE;#05 BEBIDA - XAROPES PARA REFRESCO
240365;#05 BEBIDA - #00 XAROPE;XAROPE DILUTE 500ML KIWI;XAROPE DILUTE 500ML KIWI;#05 BEBIDA - XAROPES PARA REFRESCO
230022;#05 BEBIDA - #00 XAROPE;XAROPE DILUTE 500ML LIMAO SICILIANO;XAROPE DILUTE 500ML LIMAO SICILIANO;#05 BEBIDA - XAROPES PARA REFRESCO
230024;#05 BEBIDA - #00 XAROPE;XAROPE DILUTE 500ML LIMAO SICILIANO ZERO;XAROPE DILUTE 500ML LIMAO SICILIANO ZERO;#05 BEBIDA - XAROPES PARA REFRESCO
230028;#05 BEBIDA - #00 XAROPE;XAROPE DILUTE 500ML MACA VERDE;XAROPE DILUTE 500ML MACA VERDE;#05 BEBIDA - XAROPES PARA REFRESCO
236994;#05 BEBIDA - #00 XAROPE;XAROPE DILUTE 500ML MACA VERDE ZERO;XAROPE DILUTE 500ML MACA VERDE ZERO;#05 BEBIDA - XAROPES PARA REFRESCO
230016;#05 BEBIDA - #00 XAROPE;XAROPE DILUTE 500ML MARACUJA;XAROPE DILUTE 500ML MARACUJA;#05 BEBIDA - XAROPES PARA REFRESCO
233099;#05 BEBIDA - #00 XAROPE;XAROPE DILUTE 500ML MELANCIA;XAROPE DILUTE 500ML MELANCIA;#05 BEBIDA - XAROPES PARA REFRESCO
240366;#05 BEBIDA - #00 XAROPE;XAROPE DILUTE 500ML MIRTILO BLUEBERRY;XAROPE DILUTE 500ML MIRTILO BLUEBERRY;#05 BEBIDA - XAROPES PARA REFRESCO
230030;#05 BEBIDA - #00 XAROPE;XAROPE DILUTE 500ML MORANGO;XAROPE DILUTE 500ML MORANGO;#05 BEBIDA - XAROPES PARA REFRESCO
264573;#05 BEBIDA - #00 XAROPE;XAROPE DILUTE 500ML PINK LEMONADE;XAROPE DILUTE 500ML PINK LEMONADE;#05 BEBIDA - XAROPES PARA REFRESCO
230032;#05 BEBIDA - #00 XAROPE;XAROPE DILUTE 500ML TANGERINA;XAROPE DILUTE 500ML TANGERINA;#05 BEBIDA - XAROPES PARA REFRESCO
298700;#05 BEBIDA - CERVEJA;CERVEJA AMSTEL 350ML LAGER SLEEK UNID;CERVEJA AMSTEL LAGER SLEEK 350ML;#05 BEBIDA - CERVEJAS
239441;#05 BEBIDA - CERVEJA;CERV ANTARCTICA SUBZERO 269ML UND;CERVEJA ANTARCTICA SUBZERO 269ML;#05 BEBIDA - CERVEJAS
171895;#05 BEBIDA - CERVEJA;CERV ANTARTICA ORIGINAL 300ML;CERVEJA ANTARTICA ORIGINAL 300ML;#05 BEBIDA - CERVEJAS
247800;#05 BEBIDA - CERVEJA;CERV BUDWEISER 330ML LAGER LN UNID;CERVEJA BUDWEISER LONG NECK LAGER 330ML;#05 BEBIDA - CERVEJAS
267604;#05 BEBIDA - CERVEJA;CERVEJA BUDWEISER 330ML ZERO ALCOOL LN U;CERVEJA BUDWEISER LONG NECK ZERO ALCOOL 330ML;#05 BEBIDA - CERVEJAS
288034;#05 BEBIDA - CERVEJA;CER CORONA 330ML CERO SUNBREW ZERO UNID;CERVEJA CORONA CERO SUNBREW ZERO 330ML;#05 BEBIDA - CERVEJAS
239382;#05 BEBIDA - CERVEJA;CERV DEVASSA PURO MALTE 269ML UNID;CERVEJA DEVASSA PURO MALTE 269ML;#05 BEBIDA - CERVEJAS
168466;#05 BEBIDA - CERVEJA;CERV EISENBAHN L.NECK PILSEN 355ML;CERVEJA EISENBAHN LONG NECK PILSEN 355ML;#05 BEBIDA - CERVEJAS
242930;#05 BEBIDA - CERVEJA;CERVEJA HEINEKEN 330ML UND;CERVEJA HEINEKEN 330ML;#05 BEBIDA - CERVEJAS
157496;#05 BEBIDA - CERVEJA;CERVEJA HEINEKEN GARRAFA 600ML;CERVEJA HEINEKEN 600ML;#05 BEBIDA - CERVEJAS
184034;#05 BEBIDA - CERVEJA;CERVEJA HEINEKEN 250ML LN LAGER UNID;CERVEJA HEINEKEN LAGER LONG NECK LAGER 250ML;#05 BEBIDA - CERVEJAS
249597;#05 BEBIDA - CERVEJA;CERV HEINEKEN ZERO ALCOOL 330ML UNID;CERVEJA HEINEKEN LONG NECK ZERO ALCOOL 330ML;#05 BEBIDA - CERVEJAS
303282;#05 BEBIDA - CERVEJA;CERVEJA HEINEKEN 350ML SLEEK LT UNID;CERVEJA HEINEKEN SLEEK 350ML;#05 BEBIDA - CERVEJAS
298123;#05 BEBIDA - CERVEJA;CERVEJA HEINEKEN 350ML ZERO SLEEK UNID;CERVEJA HEINEKEN ZERO SLEEK 350ML;#05 BEBIDA - CERVEJAS
286362;#05 BEBIDA - CERVEJA;CERVEJA SPATEN 600ML PURO MALTE LN;CERVEJA SPATEN LONG NECK PURO MALTE 600ML;#05 BEBIDA - CERVEJAS
259589;#05 BEBIDA - CERVEJA;STELLA ARTOIS ONE WAY 600ML;CERVEJA STELLA ARTOIS ONE WAY 600ML;#05 BEBIDA - CERVEJAS
220499;#05 BEBIDA - CERVEJA;CORONA EXTRA N LONG NECK 330ML;CORONA EXTRA LONG NECK 330ML;#05 BEBIDA - CERVEJAS
239446;#05 BEBIDA - CERVEJA CX;CERVEJA AMSTEL 269ML LAGER LT C/ 12UNID;CERVEJA AMSTEL LAGER 12 X 269ML;#05 BEBIDA - CERVEJAS
298701;#05 BEBIDA - CERVEJA CX;CERVEJA AMSTEL 350ML LAGER SLEEK C/12 UN;CERVEJA AMSTEL LAGER SLEEK 12 X 350ML;#05 BEBIDA - CERVEJAS
287369;#05 BEBIDA - CERVEJA CX;CERV ANTARCTICA ORIGINAL 269ML LT C/15UN;CERVEJA ANTARCTICA ORIGINAL 15 X 269ML;#05 BEBIDA - CERVEJAS
168712;#05 BEBIDA - CERVEJA CX;CERV ANTARCTICA 269ML C/ 15UND;CERVEJA ANTARCTICA PILSEN 15 X 269ML;#05 BEBIDA - CERVEJAS
170451;#05 BEBIDA - CERVEJA CX;CERV BRAHMA CHOPP LATA 269ML C/ 15 UNID;CERVEJA BRAHMA CHOPP 15 X 269ML;#05 BEBIDA - CERVEJAS
157068;#05 BEBIDA - CERVEJA CX;CERV BRAHMA DUPLO MALTE 350ML PAC C/12 U;CERVEJA BRAHMA DUPLO MALTE 12 X 350ML;#05 BEBIDA - CERVEJAS
313599;#05 BEBIDA - CERVEJA CX;CERVEJA BUDWEISER 269ML C/ 15UN;CERVEJA BUDWEISER 15 X 269ML;#05 BEBIDA - CERVEJAS
177250;#05 BEBIDA - CERVEJA CX;CERV DEVASSA PURO MALTE 269ML C/ 12UND;CERVEJA DEVASSA PURO MALTE 12 X 269ML;#05 BEBIDA - CERVEJAS
108423;#05 BEBIDA - CERVEJA CX;CERVEJA HEINEKEN 330ML C/ 6UNID;CERVEJA HEINEKEN 6 X 330ML;#05 BEBIDA - CERVEJAS
265727;#05 BEBIDA - CERVEJA CX;CERVEJA HEINEKEN 269ML LATA C/ 8UNID;CERVEJA HEINEKEN 8 X 269ML;#05 BEBIDA - CERVEJAS
303283;#05 BEBIDA - CERVEJA CX;CERVEJA HEINEKEN 350ML SLEEK LT C/12 UNI;CERVEJA HEINEKEN SLEEK 12 X 350ML;#05 BEBIDA - CERVEJAS
309102;#05 BEBIDA - CERVEJA CX;CERVEJA HEINEKEN 350ML ZERO SLEEK C/12UN;CERVEJA HEINEKEN ZERO SLEEK 12 X 350ML;#05 BEBIDA - CERVEJAS
107376;#05 BEBIDA - CERVEJA CX;CERVEJA SKOL 269ML PILSEN LT C/15 UNID;CERVEJA SKOL PILSEN 15 X 269ML;#05 BEBIDA - CERVEJAS
324556;#05 BEBIDA - CERVEJA CX;CERVEJA SKOL PILSEN 269ML CAIXA C/15 MUL;CERVEJA SKOL PILSEN 15 X 269ML;#05 BEBIDA - CERVEJAS
259153;#05 BEBIDA - CERVEJA CX;CERVEJA SPATEN PURO MALTE LT 350ML C/12U;CERVEJA SPATEN PURO MALTE 12 X 350ML;#05 BEBIDA - CERVEJAS
102242;#05 BEBIDA - DESTILADOS;AGUARD VELHO BARREIRO 910ML;AGUARDENTE VELHO BARREIRO 910ML;#05 BEBIDA - CACHAÇAS E AGUARDENTES
236674;#05 BEBIDA - DESTILADOS;BEB FIU FIU ABACAXI CORTELA 750ML;BEBIDA ALCOOLICA FIU FIU 750ML ABACAXI CORTELA;#05 BEBIDA - BEBIDAS MISTAS / COQUETÉIS PRONTOS
236672;#05 BEBIDA - DESTILADOS;BEB FIU FIU ABORIGENE 750ML;BEBIDA ALCOOLICA FIU FIU 750ML ABORIGENE;#05 BEBIDA - BEBIDAS MISTAS / COQUETÉIS PRONTOS
236671;#05 BEBIDA - DESTILADOS;BEB FIU FIU CAJAZINHA 750ML;BEBIDA ALCOOLICA FIU FIU 750ML CAJAZINHA;#05 BEBIDA - BEBIDAS MISTAS / COQUETÉIS PRONTOS
236673;#05 BEBIDA - DESTILADOS;BEB FIU FIU TANGERINA ACEROLA 750ML;BEBIDA ALCOOLICA FIU FIU 750ML TANGERINA ACEROLA;#05 BEBIDA - BEBIDAS MISTAS / COQUETÉIS PRONTOS
107799;#05 BEBIDA - DESTILADOS;BEB RAIZES AMARGAS DE RACA 880ML;BEBIDA RAIZES AMARGAS DE RACA 880ML;#05 BEBIDA - APERITIVOS E AMARGOS
102244;#05 BEBIDA - DESTILADOS;RAIZES AMARGAS PARATUDO 900ML;BEBIDAS RAIZES AMARGAS PARATUDO 900ML;#05 BEBIDA - APERITIVOS E AMARGOS
293188;#05 BEBIDA - DESTILADOS;CACHACA PIRASSUNUNGA 51 RAIZ 600ML;CACHACA 51 600ML RAIZ;#05 BEBIDA - CACHAÇAS E AGUARDENTES
102085;#05 BEBIDA - DESTILADOS;CACHACA 51 PIRASSUNUNGA 965ML TRAD;CACHACA 51 965ML;#05 BEBIDA - CACHAÇAS E AGUARDENTES
215568;#05 BEBIDA - DESTILADOS;CACHACA BANANAZINHA 900ML;CACHACA BANANAZINHA 900ML;#05 BEBIDA - CACHAÇAS E AGUARDENTES
157976;#05 BEBIDA - DESTILADOS;CACHACA SALINAS 600ML;CACHACA SALINAS 600ML;#05 BEBIDA - CACHAÇAS E AGUARDENTES
174010;#05 BEBIDA - DESTILADOS;CACHACA SELETA 600ML;CACHAÇA SELETA 600ML;#05 BEBIDA - CACHAÇAS E AGUARDENTES
158451;#05 BEBIDA - DESTILADOS;CACHACA YPIOCA PRATA S/ PALHA 965 ML;CACHAÇA YPIOCA 965ML PRATA SEM PALHA;#05 BEBIDA - CACHAÇAS E AGUARDENTES
301843;#05 BEBIDA - DESTILADOS;APERITIVO BITER CAMPARI 998ML;CAMPARI 998ML;#05 BEBIDA - APERITIVOS E AMARGOS
219274;#05 BEBIDA - DESTILADOS;GIN GORDONS 750ML;GIN GORDONS 750ML;#05 BEBIDA - GIN
230030;#05 BEBIDA - #00 XAROPE;XAROPE DILUTE 500ML MORANGO;XAROPE DILUTE 500ML MORANGO;#05 BEBIDA - XAROPES PARA REFRESCO
264573;#05 BEBIDA - #00 XAROPE;XAROPE DILUTE 500ML PINK LEMONADE;XAROPE DILUTE 500ML PINK LEMONADE;#05 BEBIDA - XAROPES PARA REFRESCO
230032;#05 BEBIDA - #00 XAROPE;XAROPE DILUTE 500ML TANGERINA;XAROPE DILUTE 500ML TANGERINA;#05 BEBIDA - XAROPES PARA REFRESCO
298700;#05 BEBIDA - CERVEJA;CERVEJA AMSTEL 350ML LAGER SLEEK UNID;CERVEJA AMSTEL LAGER SLEEK 350ML;#05 BEBIDA - CERVEJAS
239441;#05 BEBIDA - CERVEJA;CERV ANTARCTICA SUBZERO 269ML UND;CERVEJA ANTARCTICA SUBZERO 269ML;#05 BEBIDA - CERVEJAS
171895;#05 BEBIDA - CERVEJA;CERV ANTARTICA ORIGINAL 300ML;CERVEJA ANTARTICA ORIGINAL 300ML;#05 BEBIDA - CERVEJAS
247800;#05 BEBIDA - CERVEJA;CERV BUDWEISER 330ML LAGER LN UNID;CERVEJA BUDWEISER LONG NECK LAGER 330ML;#05 BEBIDA - CERVEJAS
267604;#05 BEBIDA - CERVEJA;CERVEJA BUDWEISER 330ML ZERO ALCOOL LN U;CERVEJA BUDWEISER LONG NECK ZERO ALCOOL 330ML;#05 BEBIDA - CERVEJAS
288034;#05 BEBIDA - CERVEJA;CER CORONA 330ML CERO SUNBREW ZERO UNID;CERVEJA CORONA CERO SUNBREW ZERO 330ML;#05 BEBIDA - CERVEJAS
239382;#05 BEBIDA - CERVEJA;CERV DEVASSA PURO MALTE 269ML UNID;CERVEJA DEVASSA PURO MALTE 269ML;#05 BEBIDA - CERVEJAS
168466;#05 BEBIDA - CERVEJA;CERV EISENBAHN L.NECK PILSEN 355ML;CERVEJA EISENBAHN LONG NECK PILSEN 355ML;#05 BEBIDA - CERVEJAS
242930;#05 BEBIDA - CERVEJA;CERVEJA HEINEKEN 330ML UND;CERVEJA HEINEKEN 330ML;#05 BEBIDA - CERVEJAS
157496;#05 BEBIDA - CERVEJA;CERVEJA HEINEKEN GARRAFA 600ML;CERVEJA HEINEKEN 600ML;#05 BEBIDA - CERVEJAS
184034;#05 BEBIDA - CERVEJA;CERVEJA HEINEKEN 250ML LN LAGER UNID;CERVEJA HEINEKEN LAGER LONG NECK LAGER 250ML;#05 BEBIDA - CERVEJAS
249597;#05 BEBIDA - CERVEJA;CERV HEINEKEN ZERO ALCOOL 330ML UNID;CERVEJA HEINEKEN LONG NECK ZERO ALCOOL 330ML;#05 BEBIDA - CERVEJAS
303282;#05 BEBIDA - CERVEJA;CERVEJA HEINEKEN 350ML SLEEK LT UNID;CERVEJA HEINEKEN SLEEK 350ML;#05 BEBIDA - CERVEJAS
298123;#05 BEBIDA - CERVEJA;CERVEJA HEINEKEN 350ML ZERO SLEEK UNID;CERVEJA HEINEKEN ZERO SLEEK 350ML;#05 BEBIDA - CERVEJAS
286362;#05 BEBIDA - CERVEJA;CERVEJA SPATEN 600ML PURO MALTE LN;CERVEJA SPATEN LONG NECK PURO MALTE 600ML;#05 BEBIDA - CERVEJAS
259589;#05 BEBIDA - CERVEJA;STELLA ARTOIS ONE WAY 600ML;CERVEJA STELLA ARTOIS ONE WAY 600ML;#05 BEBIDA - CERVEJAS
220499;#05 BEBIDA - CERVEJA;CORONA EXTRA N LONG NECK 330ML;CORONA EXTRA LONG NECK 330ML;#05 BEBIDA - CERVEJAS
239446;#05 BEBIDA - CERVEJA CX;CERVEJA AMSTEL 269ML LAGER LT C/ 12UNID;CERVEJA AMSTEL LAGER 12 X 269ML;#05 BEBIDA - CERVEJAS
298701;#05 BEBIDA - CERVEJA CX;CERVEJA AMSTEL 350ML LAGER SLEEK C/12 UN;CERVEJA AMSTEL LAGER SLEEK 12 X 350ML;#05 BEBIDA - CERVEJAS
287369;#05 BEBIDA - CERVEJA CX;CERV ANTARCTICA ORIGINAL 269ML LT C/15UN;CERVEJA ANTARCTICA ORIGINAL 15 X 269ML;#05 BEBIDA - CERVEJAS
168712;#05 BEBIDA - CERVEJA CX;CERV ANTARCTICA 269ML C/ 15UND;CERVEJA ANTARCTICA PILSEN 15 X 269ML;#05 BEBIDA - CERVEJAS
170451;#05 BEBIDA - CERVEJA CX;CERV BRAHMA CHOPP LATA 269ML C/ 15 UNID;CERVEJA BRAHMA CHOPP 15 X 269ML;#05 BEBIDA - CERVEJAS
157068;#05 BEBIDA - CERVEJA CX;CERV BRAHMA DUPLO MALTE 350ML PAC C/12 U;CERVEJA BRAHMA DUPLO MALTE 12 X 350ML;#05 BEBIDA - CERVEJAS
313599;#05 BEBIDA - CERVEJA CX;CERVEJA BUDWEISER 269ML C/ 15UN;CERVEJA BUDWEISER 15 X 269ML;#05 BEBIDA - CERVEJAS
177250;#05 BEBIDA - CERVEJA CX;CERV DEVASSA PURO MALTE 269ML C/ 12UND;CERVEJA DEVASSA PURO MALTE 12 X 269ML;#05 BEBIDA - CERVEJAS
108423;#05 BEBIDA - CERVEJA CX;CERVEJA HEINEKEN 330ML C/ 6UNID;CERVEJA HEINEKEN 6 X 330ML;#05 BEBIDA - CERVEJAS
265727;#05 BEBIDA - CERVEJA CX;CERVEJA HEINEKEN 269ML LATA C/ 8UNID;CERVEJA HEINEKEN 8 X 269ML;#05 BEBIDA - CERVEJAS
303283;#05 BEBIDA - CERVEJA CX;CERVEJA HEINEKEN 350ML SLEEK LT C/12 UNI;CERVEJA HEINEKEN SLEEK 12 X 350ML;#05 BEBIDA - CERVEJAS
309102;#05 BEBIDA - CERVEJA CX;CERVEJA HEINEKEN 350ML ZERO SLEEK C/12UN;CERVEJA HEINEKEN ZERO SLEEK 12 X 350ML;#05 BEBIDA - CERVEJAS
107376;#05 BEBIDA - CERVEJA CX;CERVEJA SKOL 269ML PILSEN LT C/15 UNID;CERVEJA SKOL PILSEN 15 X 269ML;#05 BEBIDA - CERVEJAS
324556;#05 BEBIDA - CERVEJA CX;CERVEJA SKOL PILSEN 269ML CAIXA C/15 MUL;CERVEJA SKOL PILSEN 15 X 269ML;#05 BEBIDA - CERVEJAS
259153;#05 BEBIDA - CERVEJA CX;CERVEJA SPATEN PURO MALTE LT 350ML C/12U;CERVEJA SPATEN PURO MALTE 12 X 350ML;#05 BEBIDA - CERVEJAS
102242;#05 BEBIDA - DESTILADOS;AGUARD VELHO BARREIRO 910ML;AGUARDENTE VELHO BARREIRO 910ML;#05 BEBIDA - CACHAÇAS E AGUARDENTES
236674;#05 BEBIDA - DESTILADOS;BEB FIU FIU ABACAXI CORTELA 750ML;BEBIDA ALCOOLICA FIU FIU 750ML ABACAXI CORTELA;#05 BEBIDA - BEBIDAS MISTAS / COQUETÉIS PRONTOS
236672;#05 BEBIDA - DESTILADOS;BEB FIU FIU ABORIGENE 750ML;BEBIDA ALCOOLICA FIU FIU 750ML ABORIGENE;#05 BEBIDA - BEBIDAS MISTAS / COQUETÉIS PRONTOS
236671;#05 BEBIDA - DESTILADOS;BEB FIU FIU CAJAZINHA 750ML;BEBIDA ALCOOLICA FIU FIU 750ML CAJAZINHA;#05 BEBIDA - BEBIDAS MISTAS / COQUETÉIS PRONTOS
236673;#05 BEBIDA - DESTILADOS;BEB FIU FIU TANGERINA ACEROLA 750ML;BEBIDA ALCOOLICA FIU FIU 750ML TANGERINA ACEROLA;#05 BEBIDA - BEBIDAS MISTAS / COQUETÉIS PRONTOS
107799;#05 BEBIDA - DESTILADOS;BEB RAIZES AMARGAS DE RACA 880ML;BEBIDA RAIZES AMARGAS DE RACA 880ML;#05 BEBIDA - APERITIVOS E AMARGOS
102244;#05 BEBIDA - DESTILADOS;RAIZES AMARGAS PARATUDO 900ML;BEBIDAS RAIZES AMARGAS PARATUDO 900ML;#05 BEBIDA - APERITIVOS E AMARGOS
293188;#05 BEBIDA - DESTILADOS;CACHACA PIRASSUNUNGA 51 RAIZ 600ML;CACHACA 51 600ML RAIZ;#05 BEBIDA - CACHAÇAS E AGUARDENTES
102085;#05 BEBIDA - DESTILADOS;CACHACA 51 PIRASSUNUNGA 965ML TRAD;CACHACA 51 965ML;#05 BEBIDA - CACHAÇAS E AGUARDENTES
215568;#05 BEBIDA - DESTILADOS;CACHACA BANANAZINHA 900ML;CACHACA BANANAZINHA 900ML;#05 BEBIDA - CACHAÇAS E AGUARDENTES
157976;#05 BEBIDA - DESTILADOS;CACHACA SALINAS 600ML;CACHACA SALINAS 600ML;#05 BEBIDA - CACHAÇAS E AGUARDENTES
174010;#05 BEBIDA - DESTILADOS;CACHACA SELETA 600ML;CACHAÇA SELETA 600ML;#05 BEBIDA - CACHAÇAS E AGUARDENTES
158451;#05 BEBIDA - DESTILADOS;CACHACA YPIOCA PRATA S/ PALHA 965 ML;CACHAÇA YPIOCA 965ML PRATA SEM PALHA;#05 BEBIDA - CACHAÇAS E AGUARDENTES
301843;#05 BEBIDA - DESTILADOS;APERITIVO BITER CAMPARI 998ML;CAMPARI 998ML;#05 BEBIDA - APERITIVOS E AMARGOS
219274;#05 BEBIDA - DESTILADOS;GIN GORDONS 750ML;GIN GORDONS 750ML;#05 BEBIDA - GIN
230698;#05 BEBIDA - DESTILADOS;BE GIN TANQUERAI TEN 750 ML 750 ML;GIN TANQUERAI TEN 750ML;#05 BEBIDA - GIN
206930;#05 BEBIDA - DESTILADOS;GIN TANQUERAY LONDON 750ML;GIN TANQUERAY LONDON 750ML;#05 BEBIDA - GIN
134156;#05 BEBIDA - DESTILADOS;VODKA SKYY 980ML;VODKA SKYY 980ML;#05 BEBIDA - VODKA
102087;#05 BEBIDA - DESTILADOS;VODKA SMIRNOFF 998ML TRIPLE DISTILLED;VODKA SMIRNOFF 998ML TRIPLE DISTILLED;#05 BEBIDA - VODKA
201454;#05 BEBIDA - DESTILADOS;WHISKY BALLANTINES FINEST 8 ANOS 750ML;WHISKY BALLANTINES FINEST 750ML 8 ANOS;#05 BEBIDA - WHISKY
110373;#05 BEBIDA - DESTILADOS;WHISKY BLACK &WHITE 1L 8 ANOS;WHISKY BLACK & WHITE 1L 8 ANOS;#05 BEBIDA - WHISKY
102071;#05 BEBIDA - DESTILADOS;WHISKY J&B 8 ANOS RARE 1L;WHISKY J&B 1L 8 ANOS RARE;#05 BEBIDA - WHISKY
137381;#05 BEBIDA - DESTILADOS;WHISKY JOHNNIE WALKER RED LABEL. 1LT;WHISKY JOHNNIE WALKER RED LABEL 1L;#05 BEBIDA - WHISKY
248750;#05 BEBIDA - DESTILADOS;WHISKY NATU NOBILIS APERITIVO 1L;WHISKY NATU NOBILIS 1L APERITIVO;#05 BEBIDA - WHISKY
102077;#05 BEBIDA - DESTILADOS;WHISKY OLD PARR 12 ANOS 1L;WHISKY OLD PARR 1L 12 ANOS;#05 BEBIDA - WHISKY
109729;#05 BEBIDA - DESTILADOS;WHISKY WHITE HORSE 1LT;WHISKY WHITE HORSE 1L;#05 BEBIDA - WHISKY
295198;#05 BEBIDA - FERMENTADOS;CHOPP DE VINHO STEMPEL 600ML RED;CHOPP DE VINHO STEMPEL 600ML RED;#05 BEBIDA - BEBIDAS MISTAS / COQUETÉIS PRONTOS
155994;#05 BEBIDA - FERMENTADOS;VINHO GALIOTTO 1L TINTO SECO;VINHO GALIOTTO 1L TINTO SECO;#05 BEBIDA - VINHOS
102036;#05 BEBIDA - FERMENTADOS;VINHO GALIOTTO 1LT TINTO SUAVE;VINHO GALIOTTO 1L TINTO SUAVE;#05 BEBIDA - VINHOS
139964;#05 BEBIDA - FERMENTADOS;VINHO PERGOLA TINTO SUAVE 1L ;VINHO PERGOLA 1L TINTO SUAVE;#05 BEBIDA - VINHOS
105842;#06 AÇOUGUE - AVE;ASA FRANGO KG;ASA DE FRANGO KG;#06 AÇOUGUE - AVES
119923;#06 AÇOUGUE - AVE;CORACAO FRANGO AMERICANO CONG 1KG;CORAÇÃO DE FRANGO AMERICANO 1KG;#06 AÇOUGUE - AVES
107259;#06 AÇOUGUE - AVE;CORACAO FRANGO KG;CORAÇÃO FRANGO KG;#06 AÇOUGUE - AVES
105838;#06 AÇOUGUE - AVE;COXA/SOBRECOXA FRANGO KG;COXA COM SOBRECOXA DE FRANGO KG;#06 AÇOUGUE - AVES
104602;#06 AÇOUGUE - AVE;COXA SADIA FRANGO PACOTE 1KG;COXA DE FRANGO SADIA PCT 1KG;#06 AÇOUGUE - AVES
289785;#06 AÇOUGUE - AVE;COXA SEARA 1KG PACOTE;COXA DE FRANGO SEARA PCT 1KG;#06 AÇOUGUE - AVES
105840;#06 AÇOUGUE - AVE;COXINHA DA ASA FRANGO KG;COXINHA DA ASA DE FRANGO KG;#06 AÇOUGUE - AVES
108785;#06 AÇOUGUE - AVE;ASA 1JTA COXINHA DA ASA DRUMETTE SADIA;COXINHA DA ASA SADIA PCT 1KG DRUMETE;#06 AÇOUGUE - AVES
289786;#06 AÇOUGUE - AVE;COXINHA DA ASA SEARA 1KG PACOTE;COXINHA DA ASA SEARA PCT 1KG;#06 AÇOUGUE - AVES
306504;#06 AÇOUGUE - AVE;FIGADO FRANGO CONGELADO PERDIGAO 1KG;FIGADO DE FRANGO PERDIGAO KG;#06 AÇOUGUE - AVES
299338;#06 AÇOUGUE - AVE;FILE DE COXA E SOBRE COXA SEARA 1KG BAND;FILE DE COXA E SOBRE COXA SEARA BDJ 1KG;#06 AÇOUGUE - AVES
109597;#06 AÇOUGUE - AVE;FILE PEITO FRANGO KG;FILE DE PEITO DE FRANGO KG;#06 AÇOUGUE - AVES
108786;#06 AÇOUGUE - AVE;FILEZINHO PEITO SADIA PACOTE 1KG;FILEZINHO DE PEITO SADIA PCT 1KG;#06 AÇOUGUE - AVES
291440;#06 AÇOUGUE - AVE;FILEZINHO DE PEITO SEARA 1KG SASSAMI BDJ;FILEZINHO DE PEITO SEARA BDJ 1KG SASSAMI;#06 AÇOUGUE - AVES
289795;#06 AÇOUGUE - AVE;FRANGO A PASSARINHO SEARA 1KG IQF TEMP P;FRANGO A PASSARINHO SEARA PCT 1KG TEMPERADO;#06 AÇOUGUE - AVES
119927;#06 AÇOUGUE - AVE;FRANGO CONG AMERICANO KG;FRANGO AMERICANO KG;#06 AÇOUGUE - AVES
225767;#06 AÇOUGUE - AVE;FRANGO CONGELADO BONASA KG;FRANGO BONASA CONGELADO KG;#06 AÇOUGUE - AVES
228289;#06 AÇOUGUE - AVE;FRANGO INTEIRO SADIA KG S/ MIUDOS TEMPER;FRANGO INTEIRO SADIA KG TEMPERADO SEM MIUDOS;#06 AÇOUGUE - AVES
105853;#06 AÇOUGUE - AVE;FRANGO CONG MARINGA KG;FRANGO MARINGA CONGELADO KG;#06 AÇOUGUE - AVES
108788;#06 AÇOUGUE - AVE;FRANGO A PASSARINHO SADIA TEMPE PC 1KG;FRANGO SADIA PCT 1KG A PASSARINHO TEMPERADO;#06 AÇOUGUE - AVES
185934;#06 AÇOUGUE - AVE;GALINHA LEVE NOROESTE CONG KG;GALINHA NOROESTE CONGELADA KG;#06 AÇOUGUE - AVES
152244;#06 AÇOUGUE - AVE;GALINHA PESADA NOROESTE CONG KG;GALINHA NOROESTE KG CONGELADA;#06 AÇOUGUE - AVES
108774;#06 AÇOUGUE - AVE;MEIO DA ASA FRANGO SADIA 1KG TULIPA PAC;MEIO DE DA ASA FRANGO SADIA PCT 1KG TULIPA;#06 AÇOUGUE - AVES
108773;#06 AÇOUGUE - AVE;MOELA FRANGO SADIA CONG BDJ 1KG;MOELA DE FRANGO SADIA BDJ 1KG;#06 AÇOUGUE - AVES
261357;#06 AÇOUGUE - AVE;PEITO DE FRANGO SADIA 400GR DESFIADO;PEITO DE FRANGO SADIA 400G DESFIADO;#06 AÇOUGUE - AVES
108771;#06 AÇOUGUE - AVE;SOBRECOXA FGO CONG BDJ SADIA 1KG;SOBRECOXA DE FRANGO SADIA BDJ 1KG;#06 AÇOUGUE - AVES
157014;#06 AÇOUGUE - BOVINO;BOVINO - ACEM C/ OSSO KG;ACEM BOVINO COM OSSO KG;#06 AÇOUGUE - CARNE BOVINA
105470;#06 AÇOUGUE - BOVINO;BOVINO - ACEM KG;ACEM BOVINO KG;#06 AÇOUGUE - CARNE BOVINA
105450;#06 AÇOUGUE - BOVINO;BOVINO - ALCATRA KG;ALCATRA BOVINA KG;#06 AÇOUGUE - CARNE BOVINA
158997;#06 AÇOUGUE - BOVINO;BOVINO - BISTECA DO ACEM KG;BISTECA BOVINA KG ACEM;#06 AÇOUGUE - CARNE BOVINA
105460;#06 AÇOUGUE - BOVINO;BOVINA - BISTECA PALETA KG;BISTECA BOVINA KG PALETA;#06 AÇOUGUE - CARNE BOVINA
105459;#06 AÇOUGUE - BOVINO;BOVINO - BISTECA MACA PEITO KG;BISTECA DA MAÇÃ DO PEITO KG;#06 AÇOUGUE - CARNE BOVINA
105461;#06 AÇOUGUE - BOVINO;BOVINO - BISTECA CONTRA FILE KG;BISTECA DO CONTRA FILE KG;#06 AÇOUGUE - CARNE BOVINA
152232;#06 AÇOUGUE - BOVINO;BOVINO - BUCHO/HUMEM KG;BUCHO BOVINO KG;#06 AÇOUGUE - CARNE BOVINA
239334;#06 AÇOUGUE - BOVINO;BOVINO - CAPA DO CONTRA FILE KG;CAPA DO CONTRA FILE KG;#06 AÇOUGUE - CARNE BOVINA
230698;#05 BEBIDA - DESTILADOS;BE GIN TANQUERAI TEN 750 ML 750 ML;GIN TANQUERAI TEN 750ML;#05 BEBIDA - GIN
206930;#05 BEBIDA - DESTILADOS;GIN TANQUERAY LONDON 750ML;GIN TANQUERAY LONDON 750ML;#05 BEBIDA - GIN
134156;#05 BEBIDA - DESTILADOS;VODKA SKYY 980ML;VODKA SKYY 980ML;#05 BEBIDA - VODKA
102087;#05 BEBIDA - DESTILADOS;VODKA SMIRNOFF 998ML TRIPLE DISTILLED;VODKA SMIRNOFF 998ML TRIPLE DISTILLED;#05 BEBIDA - VODKA
201454;#05 BEBIDA - DESTILADOS;WHISKY BALLANTINES FINEST 8 ANOS 750ML;WHISKY BALLANTINES FINEST 750ML 8 ANOS;#05 BEBIDA - WHISKY
110373;#05 BEBIDA - DESTILADOS;WHISKY BLACK &WHITE 1L 8 ANOS;WHISKY BLACK & WHITE 1L 8 ANOS;#05 BEBIDA - WHISKY
102071;#05 BEBIDA - DESTILADOS;WHISKY J&B 8 ANOS RARE 1L;WHISKY J&B 1L 8 ANOS RARE;#05 BEBIDA - WHISKY
137381;#05 BEBIDA - DESTILADOS;WHISKY JOHNNIE WALKER RED LABEL. 1LT;WHISKY JOHNNIE WALKER RED LABEL 1L;#05 BEBIDA - WHISKY
248750;#05 BEBIDA - DESTILADOS;WHISKY NATU NOBILIS APERITIVO 1L;WHISKY NATU NOBILIS 1L APERITIVO;#05 BEBIDA - WHISKY
102077;#05 BEBIDA - DESTILADOS;WHISKY OLD PARR 12 ANOS 1L;WHISKY OLD PARR 1L 12 ANOS;#05 BEBIDA - WHISKY
109729;#05 BEBIDA - DESTILADOS;WHISKY WHITE HORSE 1LT;WHISKY WHITE HORSE 1L;#05 BEBIDA - WHISKY
295198;#05 BEBIDA - FERMENTADOS;CHOPP DE VINHO STEMPEL 600ML RED;CHOPP DE VINHO STEMPEL 600ML RED;#05 BEBIDA - BEBIDAS MISTAS / COQUETÉIS PRONTOS
155994;#05 BEBIDA - FERMENTADOS;VINHO GALIOTTO 1L TINTO SECO;VINHO GALIOTTO 1L TINTO SECO;#05 BEBIDA - VINHOS
102036;#05 BEBIDA - FERMENTADOS;VINHO GALIOTTO 1LT TINTO SUAVE;VINHO GALIOTTO 1L TINTO SUAVE;#05 BEBIDA - VINHOS
139964;#05 BEBIDA - FERMENTADOS;VINHO PERGOLA TINTO SUAVE 1L ;VINHO PERGOLA 1L TINTO SUAVE;#05 BEBIDA - VINHOS
105842;#06 AÇOUGUE - AVE;ASA FRANGO KG;ASA DE FRANGO KG;#06 AÇOUGUE - AVES
119923;#06 AÇOUGUE - AVE;CORACAO FRANGO AMERICANO CONG 1KG;CORAÇÃO DE FRANGO AMERICANO 1KG;#06 AÇOUGUE - AVES
107259;#06 AÇOUGUE - AVE;CORACAO FRANGO KG;CORAÇÃO FRANGO KG;#06 AÇOUGUE - AVES
105838;#06 AÇOUGUE - AVE;COXA/SOBRECOXA FRANGO KG;COXA COM SOBRECOXA DE FRANGO KG;#06 AÇOUGUE - AVES
104602;#06 AÇOUGUE - AVE;COXA SADIA FRANGO PACOTE 1KG;COXA DE FRANGO SADIA PCT 1KG;#06 AÇOUGUE - AVES
289785;#06 AÇOUGUE - AVE;COXA SEARA 1KG PACOTE;COXA DE FRANGO SEARA PCT 1KG;#06 AÇOUGUE - AVES
105840;#06 AÇOUGUE - AVE;COXINHA DA ASA FRANGO KG;COXINHA DA ASA DE FRANGO KG;#06 AÇOUGUE - AVES
108785;#06 AÇOUGUE - AVE;ASA 1JTA COXINHA DA ASA DRUMETTE SADIA;COXINHA DA ASA SADIA PCT 1KG DRUMETE;#06 AÇOUGUE - AVES
289786;#06 AÇOUGUE - AVE;COXINHA DA ASA SEARA 1KG PACOTE;COXINHA DA ASA SEARA PCT 1KG;#06 AÇOUGUE - AVES
306504;#06 AÇOUGUE - AVE;FIGADO FRANGO CONGELADO PERDIGAO 1KG;FIGADO DE FRANGO PERDIGAO KG;#06 AÇOUGUE - AVES
299338;#06 AÇOUGUE - AVE;FILE DE COXA E SOBRE COXA SEARA 1KG BAND;FILE DE COXA E SOBRE COXA SEARA BDJ 1KG;#06 AÇOUGUE - AVES
109597;#06 AÇOUGUE - AVE;FILE PEITO FRANGO KG;FILE DE PEITO DE FRANGO KG;#06 AÇOUGUE - AVES
108786;#06 AÇOUGUE - AVE;FILEZINHO PEITO SADIA PACOTE 1KG;FILEZINHO DE PEITO SADIA PCT 1KG;#06 AÇOUGUE - AVES
291440;#06 AÇOUGUE - AVE;FILEZINHO DE PEITO SEARA 1KG SASSAMI BDJ;FILEZINHO DE PEITO SEARA BDJ 1KG SASSAMI;#06 AÇOUGUE - AVES
289795;#06 AÇOUGUE - AVE;FRANGO A PASSARINHO SEARA 1KG IQF TEMP P;FRANGO A PASSARINHO SEARA PCT 1KG TEMPERADO;#06 AÇOUGUE - AVES
119927;#06 AÇOUGUE - AVE;FRANGO CONG AMERICANO KG;FRANGO AMERICANO KG;#06 AÇOUGUE - AVES
225767;#06 AÇOUGUE - AVE;FRANGO CONGELADO BONASA KG;FRANGO BONASA CONGELADO KG;#06 AÇOUGUE - AVES
228289;#06 AÇOUGUE - AVE;FRANGO INTEIRO SADIA KG S/ MIUDOS TEMPER;FRANGO INTEIRO SADIA KG TEMPERADO SEM MIUDOS;#06 AÇOUGUE - AVES
105853;#06 AÇOUGUE - AVE;FRANGO CONG MARINGA KG;FRANGO MARINGA CONGELADO KG;#06 AÇOUGUE - AVES
108788;#06 AÇOUGUE - AVE;FRANGO A PASSARINHO SADIA TEMPE PC 1KG;FRANGO SADIA PCT 1KG A PASSARINHO TEMPERADO;#06 AÇOUGUE - AVES
185934;#06 AÇOUGUE - AVE;GALINHA LEVE NOROESTE CONG KG;GALINHA NOROESTE CONGELADA KG;#06 AÇOUGUE - AVES
152244;#06 AÇOUGUE - AVE;GALINHA PESADA NOROESTE CONG KG;GALINHA NOROESTE KG CONGELADA;#06 AÇOUGUE - AVES
108774;#06 AÇOUGUE - AVE;MEIO DA ASA FRANGO SADIA 1KG TULIPA PAC;MEIO DE DA ASA FRANGO SADIA PCT 1KG TULIPA;#06 AÇOUGUE - AVES
108773;#06 AÇOUGUE - AVE;MOELA FRANGO SADIA CONG BDJ 1KG;MOELA DE FRANGO SADIA BDJ 1KG;#06 AÇOUGUE - AVES
261357;#06 AÇOUGUE - AVE;PEITO DE FRANGO SADIA 400GR DESFIADO;PEITO DE FRANGO SADIA 400G DESFIADO;#06 AÇOUGUE - AVES
108771;#06 AÇOUGUE - AVE;SOBRECOXA FGO CONG BDJ SADIA 1KG;SOBRECOXA DE FRANGO SADIA BDJ 1KG;#06 AÇOUGUE - AVES
157014;#06 AÇOUGUE - BOVINO;BOVINO - ACEM C/ OSSO KG;ACEM BOVINO COM OSSO KG;#06 AÇOUGUE - CARNE BOVINA
105470;#06 AÇOUGUE - BOVINO;BOVINO - ACEM KG;ACEM BOVINO KG;#06 AÇOUGUE - CARNE BOVINA
105450;#06 AÇOUGUE - BOVINO;BOVINO - ALCATRA KG;ALCATRA BOVINA KG;#06 AÇOUGUE - CARNE BOVINA
158997;#06 AÇOUGUE - BOVINO;BOVINO - BISTECA DO ACEM KG;BISTECA BOVINA KG ACEM;#06 AÇOUGUE - CARNE BOVINA
105460;#06 AÇOUGUE - BOVINO;BOVINA - BISTECA PALETA KG;BISTECA BOVINA KG PALETA;#06 AÇOUGUE - CARNE BOVINA
105459;#06 AÇOUGUE - BOVINO;BOVINO - BISTECA MACA PEITO KG;BISTECA DA MAÇÃ DO PEITO KG;#06 AÇOUGUE - CARNE BOVINA
105461;#06 AÇOUGUE - BOVINO;BOVINO - BISTECA CONTRA FILE KG;BISTECA DO CONTRA FILE KG;#06 AÇOUGUE - CARNE BOVINA
152232;#06 AÇOUGUE - BOVINO;BOVINO - BUCHO/HUMEM KG;BUCHO BOVINO KG;#06 AÇOUGUE - CARNE BOVINA
239334;#06 AÇOUGUE - BOVINO;BOVINO - CAPA DO CONTRA FILE KG;CAPA DO CONTRA FILE KG;#06 AÇOUGUE - CARNE BOVINA
105456;#06 AÇOUGUE - BOVINO;BOVINO - CARNE DE SOL KG SEGUNDA;CARNE DE SOL KG SEGUNDA;#06 AÇOUGUE - CARNE BOVINA
105468;#06 AÇOUGUE - BOVINO;BOVINO - CARNE MOIDA KG;CARNE MOIDA KG;#06 AÇOUGUE - CARNE BOVINA
105458;#06 AÇOUGUE - BOVINO;BOVINO - CHAMBARI KG;CHAMBARI KG;#06 AÇOUGUE - CARNE BOVINA
105451;#06 AÇOUGUE - BOVINO;BOVINO - CONTRA FILE KG;CONTRA FILE KG;#06 AÇOUGUE - CARNE BOVINA
105463;#06 AÇOUGUE - BOVINO;BOVINO - CORACAO KG;CORAÇÃO BOVINO KG;#06 AÇOUGUE - CARNE BOVINA
105471;#06 AÇOUGUE - BOVINO;BOVINO - COSTELA KG;COSTELA BOVINA KG;#06 AÇOUGUE - CARNE BOVINA
105449;#06 AÇOUGUE - BOVINO;BOVINO - COXAO DURO KG;COXÃO DURO KG;#06 AÇOUGUE - CARNE BOVINA
105435;#06 AÇOUGUE - BOVINO;BOVINO - COXAO MOLE KG;COXAO MOLE KG;#06 AÇOUGUE - CARNE BOVINA
105487;#06 AÇOUGUE - BOVINO;BOVINO - CUPIM KG;CUPIM BOVINO KG;#06 AÇOUGUE - CARNE BOVINA
106065;#06 AÇOUGUE - BOVINO;BOVINO - FIGADO KG.;FIGADO BOVINO KG;#06 AÇOUGUE - CARNE BOVINA
105453;#06 AÇOUGUE - BOVINO;BOVINO - FILE MIGNON KG;FILE MIGNON KG;#06 AÇOUGUE - CARNE BOVINA
105474;#06 AÇOUGUE - BOVINO;BOVINO - FRALDINHA KG;FRALDINHA BOVINA KG;#06 AÇOUGUE - CARNE BOVINA
105467;#06 AÇOUGUE - BOVINO;BOVINA - LINGUA KG;LINGUA BOVINA KG;#06 AÇOUGUE - CARNE BOVINA
107260;#06 AÇOUGUE - BOVINO;BOVINO - MACA DO PEITO KG;MAÇÃ DO PEITO KG;#06 AÇOUGUE - CARNE BOVINA
115278;#06 AÇOUGUE - BOVINO;BOVINO - MIOLO DA PALETA KG;MIOLO DA PALETA KG BOVINA;#06 AÇOUGUE - CARNE BOVINA
231292;#06 AÇOUGUE - BOVINO;BOVINO - MIOLO DO ACEM KG;MIOLO DO ACEM KG;#06 AÇOUGUE - CARNE BOVINA
173342;#06 AÇOUGUE - BOVINO;BOVINO - MOCOTO KG;MOCOTO BOVINO KG;#06 AÇOUGUE - CARNE BOVINA
105475;#06 AÇOUGUE - BOVINO;MUSCULO BOV KG;MUSCULO BOVINO KG;#06 AÇOUGUE - CARNE BOVINA
105469;#06 AÇOUGUE - BOVINO;BOVINO - PALETA KG;PALETA BOVINA KG;#06 AÇOUGUE - CARNE BOVINA
105452;#06 AÇOUGUE - BOVINO;BOVINO - PATINHO KG;PATINHO BOVINO KG;#06 AÇOUGUE - CARNE BOVINA
261519;#06 AÇOUGUE - BOVINO;BOVINO - PICANHA FATIADA KG;PICANHA BOVINA KG FATIADA;#06 AÇOUGUE - CARNE BOVINA
106249;#06 AÇOUGUE - BOVINO;BOVINO - PICANHA QUALITY BEEF KG;PICANHA QUALITY BEEF KG;#06 AÇOUGUE - CARNE BOVINA
286549;#06 AÇOUGUE - EMBUTIDO;LINGUIÇA CALABRESA BONFRIGO KG;LINGUIÇA BONFRIGO CALABRESA KG;#06 AÇOUGUE - EMBUTIDOS E FRIOS
305039;#06 AÇOUGUE - EMBUTIDO;LINGUIÇA BOVINA KG CASEIRA;LINGUIÇA BOVINA CASEIRA KG;#06 AÇOUGUE - EMBUTIDOS E FRIOS
167154;#06 AÇOUGUE - EMBUTIDO;LINGUIÇA SUINA FRICO FINA APIMENTADA KG;LINGUIÇA FRICÓ KG SUINA FINA APIMENTADA;#06 AÇOUGUE - EMBUTIDOS E FRIOS
189031;#06 AÇOUGUE - EMBUTIDO;LINGUIÇA MISTA FRICO KG;LINGUIÇA FRICO MISTA KG;#06 AÇOUGUE - EMBUTIDOS E FRIOS
123758;#06 AÇOUGUE - EMBUTIDO;LINGUIÇA FRIMESA TOSCANA MISTA KG;LINGUIÇA FRIMESA KG TOSCANA MISTA;#06 AÇOUGUE - EMBUTIDOS E FRIOS
117117;#06 AÇOUGUE - EMBUTIDO;LINGUIÇA TOSC SUINA FRIMESA KG;LINGUIÇA FRIMESA TOSCANA SUINA KG;#06 AÇOUGUE - EMBUTIDOS E FRIOS
146785;#06 AÇOUGUE - EMBUTIDO;LING PERDIGAO CARNE SUINA KG;LINGUIÇA PERDIGÃO KG SUINA;#06 AÇOUGUE - EMBUTIDOS E FRIOS
289127;#06 AÇOUGUE - EMBUTIDO;LINGUIÇA MISTA SADIA 215GR FININHA DEFUM;LINGUIÇA SADIA 215G MISTA FININHA DEFUMADA;#06 AÇOUGUE - EMBUTIDOS E FRIOS
129515;#06 AÇOUGUE - EMBUTIDO;LINGUIÇA CALABRESA SEARA KG CURADA;LINGUIÇA SEARA CALABRESA CURADA KG;#06 AÇOUGUE - EMBUTIDOS E FRIOS
228422;#06 AÇOUGUE - EMBUTIDO;LINGUIÇA SUPER FRANGO KG FRANGO GROSSA;LINGUIÇA SUPER FRANGO GROSSA KG;#06 AÇOUGUE - EMBUTIDOS E FRIOS
105770;#06 AÇOUGUE - EMBUTIDO;MORTADELA FRANGO PERDIGAO KG;MORTADELA PERDIGÃO FRANGO KG;#06 AÇOUGUE - EMBUTIDOS E FRIOS
105765;#06 AÇOUGUE - EMBUTIDO;MORTADELA MISTA PERDIGAO KG;MORTADELA PERDIGAO MISTA KG;#06 AÇOUGUE - EMBUTIDOS E FRIOS
116251;#06 AÇOUGUE - EMBUTIDO;MORTADELA SADIA FRANGO KG;MORTADELA SADIA DE FRANGO KG;#06 AÇOUGUE - EMBUTIDOS E FRIOS
173405;#06 AÇOUGUE - EMBUTIDO;MORTADELA DEFUMADA SEARA KG;MORTADELA SEARA KG DEFUMADA;#06 AÇOUGUE - EMBUTIDOS E FRIOS
111741;#06 AÇOUGUE - EMBUTIDO;PRESUNTO COZIDO S/CAPA GORDURA SADIA;PRESUNTO SADIA COZIDO SEM CAPA GORDURA KG;#06 AÇOUGUE - EMBUTIDOS E FRIOS
286228;#06 AÇOUGUE - EMBUTIDO;SALSICHA BOUA KG;SALSICHA BOUA KG;#06 AÇOUGUE - EMBUTIDOS E FRIOS
132881;#06 AÇOUGUE - EMBUTIDO;SALSICHA FRIATO KG;SALSICHA FRIATO KG;#06 AÇOUGUE - EMBUTIDOS E FRIOS
260606;#06 AÇOUGUE - EMPANADO;STEAK EMPANADO COSTA SUL 100GR DE PEIXE;STEAK EMPANADO COSTA SUL 100G PEIXE;#06 AÇOUGUE - EMPANADOS E PRATOS PRONTOS
170464;#06 AÇOUGUE - EMPANADO;STEAK FRANGO EMPANADO SADIA 100G STCE;STEAK EMPANADO SADIA 100G FRANGO;#06 AÇOUGUE - EMPANADOS E PRATOS PRONTOS
138538;#06 AÇOUGUE - EMPANADO;TEKITOS SEARA FRANGO 300G;TEKITOS SEARA 300G FRANGO;#06 AÇOUGUE - EMPANADOS E PRATOS PRONTOS
127328;#06 AÇOUGUE - EMPANADO;TEKITOS SEARA QUEIJO OREGANO 300GR;TEKITOS SEARA 300G QUEIJO OREGANO;#06 AÇOUGUE - EMPANADOS E PRATOS PRONTOS
284246;#06 AÇOUGUE - EMPANADO;TIRINHAS DE TILÁPIA COSTA SUL 300GR EMPA;TIRINHAS DE TILÁPIA COSTA SUL 300G EMPANADO;#06 AÇOUGUE - EMPANADOS E PRATOS PRONTOS
323495;#06 AÇOUGUE - FRUTOS DO MAR;CAMARAO COSTA SUL 300GR 45/80 COZIDO DES;CAMARÃO COSTA SUL 300G COZIDO DECASCADO;#06 AÇOUGUE - FRUTOS DO MAR
323487;#06 AÇOUGUE - FRUTOS DO MAR;CAMARAO VAN S/C COZ IQF-M 45/80 40X300G;CAMARAO COSTA SUL 300G VAN SEM CABEÇA COZIDO;#06 AÇOUGUE - FRUTOS DO MAR
303488;#06 AÇOUGUE - FRUTOS DO MAR;CAMARAO CINZA COSTAMAR 1KG DESC 51/60;CAMARÃO COSTAMAR 1KG CINZA DESCASCADO;#06 AÇOUGUE - FRUTOS DO MAR
323489;#06 AÇOUGUE - FRUTOS DO MAR;MEXILHAO COSTA SUL 300GR MARISCO DESCONC;MEXILHÃO COSTA SUL 300G MARISCO DESCONCHADO;#06 AÇOUGUE - FRUTOS DO MAR
311307;#06 AÇOUGUE - PEIXES;BOLINHO DE TILAPIA 270GR CONG;BOLINHO DE TILAPIA 270G CONGELADO;#06 AÇOUGUE - PEIXES
262170;#06 AÇOUGUE - PEIXES;COSTELA DE TILAPIA KG;COSTELA DE TILAPIA KG;#06 AÇOUGUE - PEIXES
254014;#06 AÇOUGUE - PEIXES;PESCADA AMARELA FILE 1KG;FILÉ DE DOURADA VITÓRIA PESCADOS 1KG;#06 AÇOUGUE - PEIXES
164651;#06 AÇOUGUE - PEIXES;FILE DE MERLUZA CONG COSTA SUL 500G;FILE DE MERLUZA COSTA SUL 500G CONGELADO;#06 AÇOUGUE - PEIXES
141831;#06 AÇOUGUE - PEIXES;FILE DE PEIXE PANGA KG;FILÉ DE PANGA KG;#06 AÇOUGUE - PEIXES
323501;#06 AÇOUGUE - PEIXES;PEIXE SALMAO COSTA SUL 400GR C/PELE FILE;FILÉ DE SALMAO COSTA SUL 400G COM PELE;#06 AÇOUGUE - PEIXES
315711;#06 AÇOUGUE - PEIXES;FILE DE TILAPIA DO PESCADO 500G;FILÉ DE TILAPIA DO PESCADO 500G;#06 AÇOUGUE - PEIXES
203263;#06 AÇOUGUE - PEIXES;FILE DE TILAPIA KG;FILÉ DE TILAPIA KG;#06 AÇOUGUE - PEIXES
320788;#06 AÇOUGUE - PEIXES;HAMBURGUER COSTA SUL 90GR DE SALMAO;HAMBURGUER COSTA SUL 90G SALMÃO;#06 AÇOUGUE - PEIXES
284245;#06 AÇOUGUE - PEIXES;PESCADO PEIXITOS COSTA SUL 300GR;PEIXITOS COSTA SUL 300G;#06 AÇOUGUE - PEIXES
298215;#06 AÇOUGUE - SUINO;BACON BONFRIGO KG PALETA;BACON BONFRIGO PALETA KG;#06 AÇOUGUE - CARNE SUÍNA
106053;#06 AÇOUGUE - SUINO;SUINO - BISTECA CARRE FRESCA KG;BISTECA SUINA CARRE KG;#06 AÇOUGUE - CARNE SUÍNA
105062;#06 AÇOUGUE - SUINO;SUINO - BISTECA PERNIL FRESCA KG;BISTECA SUINA DO PERNIL KG;#06 AÇOUGUE - CARNE SUÍNA
320822;#06 AÇOUGUE - SUINO;SUINO - BISTECA PALETA FRESCA KG;BISTECA SUINA KG PALETA FRESCA;#06 AÇOUGUE - CARNE SUÍNA
105433;#06 AÇOUGUE - SUINO;SUINO - COSTELA SUINA KG;COSTELA SUINA KG;#06 AÇOUGUE - CARNE SUÍNA
106008;#06 AÇOUGUE - SUINO;INGREDIENTES P/ FEIJOADA KG;INGREDIENTES PARA FEIJOADA KG;#06 AÇOUGUE - CARNE SUÍNA
106054;#06 AÇOUGUE - SUINO;SUINO - LOMBO FRESCO KG;LOMBO SUINO FRESCO KG;#06 AÇOUGUE - CARNE SUÍNA
258810;#06 AÇOUGUE - SUINO;SUINO - PANCETA KG;PANCETA SUINA KG;#06 AÇOUGUE - CARNE SUÍNA
106050;#06 AÇOUGUE - SUINO;SUINO - PE SUINO FRESCO KG;PE SUINO KG;#06 AÇOUGUE - CARNE SUÍNA
106052;#06 AÇOUGUE - SUINO;SUINO - PELE SUINA FRESCA KG;PELE SUINA KG;#06 AÇOUGUE - CARNE SUÍNA
106034;#06 AÇOUGUE - SUINO;SUINO - SUAN FRESCA KG;SUAN SUINA KG;#06 AÇOUGUE - CARNE SUÍNA
106032;#06 AÇOUGUE - SUINO;SUINO - TOUCINHO FRESCO KG;TOUCINHO FRESCO KG;#06 AÇOUGUE - CARNE SUÍNA
110086;#08 BAZAR;SUINO - SUAN FRESCA KG;COPO DESCARTAVEL TERMOPOT 180ML CRISTAL;#08 BAZAR - DESCARTÁVEIS
114556;#08 BAZAR;GARRAFAO TERMICO TERMOLAR 5LT AZUL;GARRAFAO TERMICO TERMOLAR 5L AZUL;#08 BAZAR - UTENSÍLIOS DE COZINHA / TÉRMICOS
113301;#08 BAZAR;GARRAFAO TERMICO TERMOLAR 5LT VERMELHO;GARRAFAO TERMICO TERMOLAR 5L VERMELHO;#08 BAZAR - UTENSÍLIOS DE COZINHA / TÉRMICOS
171272;#08 BAZAR;PANELA DE PRESSAO PANELUX EMB AZ;PANELA DE PRESSAO PANELUX 4,5L;#08 BAZAR - PANELAS E UTENSÍLIOS DE COZINHA
302448;#08 BAZAR;PAPEL ALUMINIO VABENE 45CMX4M;PAPEL ALUMINIO VABENE 45CM X 4M;#08 BAZAR - EMBALAGENS DOMÉSTICAS
121635;#08 BAZAR;PAPEL TOALHA SCALA 2X1;PAPEL TOALHA SCALA 2UN;#08 BAZAR - PAPÉIS DE USO DOMÉSTICO
229361;#08 BAZAR;PRATO DESC RASO TOTAL PLAST 15CM;PRATO DESCARTAVEL TOTAL PLASTICO 15CM RASO;#08 BAZAR - DESCARTÁVEIS
311249;#08 BAZAR;SACO PLASTICO FREEZER E MICRO VABENE 5 L;SACO PLASTICO VABENE 5L FREEZER E MICRO;#08 BAZAR - EMBALAGENS DOMÉSTICAS
104998;#09 HORTIFRUTI - FRUTAS;BANANA TERRA KG;BANANA DA TERRA KG;#09 HORTIFRUTI - FRUTAS
105023;#09 HORTIFRUTI - FRUTAS;BANANA PRATA KG;BANANA PRATA KG;#09 HORTIFRUTI - FRUTAS
104931;#09 HORTIFRUTI - FRUTAS;LARANJA KG;LARANJA KG;#09 HORTIFRUTI - FRUTAS
104855;#09 HORTIFRUTI - FRUTAS;LIMAO TAITI KG;LIMAO TAITI KG;#09 HORTIFRUTI - FRUTAS
104944;#09 HORTIFRUTI - FRUTAS;MACA NACIONAL KG;MACA NACIONAL KG;#09 HORTIFRUTI - FRUTAS
104883;#09 HORTIFRUTI - FRUTAS;MANGA TOMY KG;MANGA KG TOMY;#09 HORTIFRUTI - FRUTAS
104928;#09 HORTIFRUTI - FRUTAS;MANGA PALMER KG;MANGA PALMER KG;#09 HORTIFRUTI - FRUTAS
104962;#09 HORTIFRUTI - FRUTAS;MARACUJA AZEDO;MARACUJA AZEDO KG;#09 HORTIFRUTI - FRUTAS
108982;#09 HORTIFRUTI - FRUTAS;MARACUJA KG;MARACUJA KG;#09 HORTIFRUTI - FRUTAS
104947;#09 HORTIFRUTI - FRUTAS;MELANCIA INTEIRA KG;MELANCIA INTEIRA KG;#09 HORTIFRUTI - FRUTAS
104996;#09 HORTIFRUTI - FRUTAS;MELAO AMARELO KG;MELAO AMARELO KG;#09 HORTIFRUTI - FRUTAS
113290;#09 HORTIFRUTI - FRUTAS;MELAO AMARELO REI / REDINHA KG;MELAO AMARELO KG REI | REDINHA;#09 HORTIFRUTI - FRUTAS
104890;#09 HORTIFRUTI - FRUTAS;UVA RED GLOBE NACIONAL KG;UVA KG RED GLOBE NACIONAL;#09 HORTIFRUTI - FRUTAS
105007;#09 HORTIFRUTI - LEGUMES;ABOBORA CABOTIA KG;ABOBORA KG CABOTIA;#09 HORTIFRUTI - LEGUMES E TUBÉRCULOS
104903;#09 HORTIFRUTI - LEGUMES;BATATA DOCE ROSA KG;BATATA DOCE KG ROSA;#09 HORTIFRUTI - LEGUMES E TUBÉRCULOS
105010;#09 HORTIFRUTI - LEGUMES;BATATA MONALISA KG;BATATA MONALISA KG;#09 HORTIFRUTI - LEGUMES E TUBÉRCULOS
105001;#09 HORTIFRUTI - LEGUMES;BETERRABA KG;BETERRABA KG;#09 HORTIFRUTI - LEGUMES E TUBÉRCULOS
104862;#09 HORTIFRUTI - LEGUMES;CENOURA KG;CENOURA KG;#09 HORTIFRUTI - LEGUMES E TUBÉRCULOS
111131;#09 HORTIFRUTI - LEGUMES;CHUCHU VERDE KG;CHUCHU VERDE KG;#09 HORTIFRUTI - LEGUMES E TUBÉRCULOS
104961;#09 HORTIFRUTI - LEGUMES;TOMATE CARMEM KG;TOMATE CARMEM KG;#09 HORTIFRUTI - LEGUMES E TUBÉRCULOS
104863;#09 HORTIFRUTI - LEGUMES;TOMATE SALADETE KG;TOMATE SALADETE KG;#09 HORTIFRUTI - LEGUMES E TUBÉRCULOS
239921;#09 HORTIFRUTI - OVOS;OVOS BRANCOS CARTELA 30 UNID;OVOS DE GRANJA BDJ 30UN BRANCOS;#09 HORTIFRUTI - OVOS
104937;#09 HORTIFRUTI - TEMPEROS;ALHO A GRANEL KG;ALHO A GRANEL KG;#09 HORTIFRUTI - TEMPEROS FRESCOS
104919;#09 HORTIFRUTI - TEMPEROS;CEBOLA NACIONAL KG;CEBOLA NACIONAL KG;#09 HORTIFRUTI - TEMPEROS FRESCOS
104992;#09 HORTIFRUTI - VERDURAS;REPOLHO VERDE KG;REPOLHO VERDE KG;#09 HORTIFRUTI - VERDURAS E FOLHAGENS